lemma,frame_id,count
debes,learned_verb_target_inf,20
chicas,learned_noun_las_target_verb,19
cualquiera,learned_function_target_verb_inf,18
hago,learned_verb_target_la_noun,17
haz,learned_noun_target_la_noun,17
haría,learned_verb_target_la_noun,16
ambos,learned_function_target_verb_adj,14
llamo,learned_verb_target_a_la_noun,14
agente,learned_noun_el_target_es_adj,12
según,learned_function_target_el_noun,12
ok,learned_adjective_es_un_noun_target,11
podrían,learned_verb_target_inf_noun,11
bastante,learned_adverb_es_target_adj,10
cuándo,learned_adverb_target_verb,10
ésta,learned_function_target_es_adj,10
último,learned_adjective_es_el_target_noun_de_la_noun,10
demás,learned_function_otros_noun_target_verb,9
dicen,learned_verb_target_que_es_adj,9
pronto,learned_adverb_verb_target,9
éste,learned_function_target_es_adj,9
buena,learned_adjective_es_una_target_noun,8
creí,learned_verb_target_que_verb_adj,8
hubo,learned_verb_target_una_noun,8
nacional,learned_adjective_el_noun_es_target,8
pruebas,learned_noun_target_prep_phrase,8
público,learned_adjective_el_noun_es_target,8
señora,learned_noun_la_target_verb_noun,8
dan,learned_verb_target_noun_a_los_noun,7
hará,learned_verb_target_la_noun,7
según,learned_function_target_la_noun,7
amo,learned_noun_el_target_verb_noun,6
creí,learned_verb_target_que_me_verb,6
datos,learned_noun_los_target_verb_adj,6
debemos,learned_verb_target_inf_noun,6
decía,learned_verb_target_la_noun,6
dónde,learned_adverb_target_verb,6
hombres,learned_noun_los_target_verb,6
hubo,learned_verb_target_noun,6
necesitas,learned_verb_target_inf_noun,6
negro,learned_adjective_el_noun_es_target,6
partes,learned_noun_las_target_de_los_noun,6
posición,learned_noun_la_target_prep_phrase_es_adj,6
probablemente,learned_adverb_target_verb_noun,6
total,learned_adjective_es_un_target_noun,6
través,learned_noun_el_noun_verb_a_target,6
última,learned_adjective_es_la_target_noun_prep_phrase,6
durante,learned_function_verb_target_noun,5
existe,learned_verb_target_una_noun,5
hará,learned_verb_noun_target_noun,5
lleva,learned_verb_target_noun_prep_phrase,5
lleva,learned_verb_target_un_noun_prep_phrase,5
nacional,learned_adjective_la_noun_es_target,5
partes,learned_noun_las_target_de_la_noun,5
pase,learned_verb_target_el_noun,5
pequeña,learned_adjective_la_noun_es_target,5
próximo,learned_adjective_el_target_noun_es_adj,5
supuesto,learned_noun_es_el_target_noun_prep_phrase,5
unidos,learned_adjective_target_por_la_noun,5
último,learned_adjective_es_el_target_noun_prep_phrase,5
única,learned_adjective_ella_es_la_target_noun,5
adónde,learned_adverb_target_verb_a_inf,4
anoche,learned_adverb_target_verb_noun,4
control,learned_noun_el_target_prep_phrase,4
debemos,learned_verb_target_inf_adj,4
deben,learned_verb_target_inf_noun,4
estados,learned_noun_los_target_tienen_noun_adj,4
hicieron,learned_verb_ellos_target_la_noun,4
hubo,learned_verb_target_un_noun,4
jóvenes,learned_adjective_las_target_verb_noun,4
jóvenes,learned_adjective_los_target_verb_adj,4
mujeres,learned_noun_target_verb_noun,4
nacional,learned_adjective_es_un_noun_target,4
pase,learned_verb_target_la_noun,4
poco,learned_adverb_target_noun_verb,4
próximo,learned_adjective_el_target_noun_es_noun,4
supone,learned_verb_inf_target_noun,4
supone,learned_verb_target_un_noun,4
trabajando,learned_verb_target_prep_phrase,4
éste,learned_function_verb_target,4
últimos,learned_adjective_verb_los_target_noun_prep_phrase,4
además,learned_adverb_target_me_verb_inf,3
anoche,learned_adverb_target_verb_prep_phrase,3
ayer,learned_adverb_target_verb_prep_phrase,3
baja,learned_adjective_la_target_en_la_noun_es_adj,3
baja,learned_adjective_la_target_en_la_noun_prep_phrase,3
buena,learned_adjective_esa_es_una_target_noun,3
cambiar,learned_verb_verb_target_prep_phrase,3
chicos,learned_noun_los_target_verb_noun,3
dan,learned_verb_target_noun_en_la_noun,3
datos,learned_noun_verb_los_target_adv,3
decía,learned_verb_target_el_noun,3
diciendo,learned_verb_el_noun_verb_target_que_es_adj,3
durante,learned_function_verb_target_el_noun,3
dónde,learned_adverb_target_noun,3
encanta,learned_verb_nos_target_inf_noun,3
existe,learned_verb_no_target_la_noun,3
hará,learned_verb_noun_target_adv,3
hicieron,learned_verb_target_la_noun,3
hombres,learned_noun_target_verb_noun,3
horas,learned_noun_target_prep_phrase_verb_adj,3
niña,learned_noun_la_target_verb_noun,3
niña,learned_noun_la_target_verb_un_noun,3
oficial,learned_adjective_ella_es_target_prep_phrase,3
ok,learned_adjective_es_una_noun_target,3
poco,learned_adverb_hay_target_noun,3
querida,learned_adjective_ella_es_la_target_noun,3
querida,learned_adjective_ella_es_mi_target_noun,3
querido,learned_verb_verb_al_target,3
querido,learned_verb_verb_un_noun_al_target,3
segunda,learned_adjective_verb_a_target,3
supuesto,learned_noun_es_el_target_noun_de_la_noun,3
tanto,learned_adverb_tengo_target_noun,3
tanto,learned_adverb_verb_target_noun,3
tipos,learned_noun_verb_target_prep_phrase,3
últimos,learned_adjective_los_target_noun_verb_adj,3
además,learned_adverb_target_es_adv_adj,2
además,learned_adverb_target_es_mi_noun,2
además,learned_adverb_target_verb_noun,2
adónde,learned_adverb_target_va_el_noun,2
adónde,learned_adverb_target_va_mi_noun,2
adónde,learned_adverb_target_verb_adv,2
ambos,learned_function_target_verb_noun,2
anoche,learned_adverb_target_verb_un_noun,2
armas,learned_noun_las_target_verb_inf_adj,2
ayer,learned_adverb_target_verb_noun,2
ayer,learned_adverb_verb_noun_target,2
ayer,learned_adverb_verb_prep_phrase_target,2
baja,learned_adjective_la_target_en_el_noun_prep_phrase,2
baja,learned_adjective_verb_target_noun_en_el_noun,2
bastante,learned_adverb_es_target_noun,2
bastante,learned_adverb_tengo_target_noun,2
cuándo,learned_adverb_target_noun,2
dan,learned_verb_target_noun_a_las_noun,2
debemos,learned_verb_target_inf,2
debemos,learned_verb_target_inf_las_noun,2
decía,learned_verb_target_noun,2
dicen,learned_verb_target_que_es_noun,2
diciendo,learned_verb_la_noun_verb_target_que_es_adj,2
diferentes,learned_adjective_inf_target_noun_prep_phrase_es_adj,2
dijeron,learned_verb_yo_target_que_verb_adj,2
encanta,learned_verb_a_ella_le_target_inf,2
encanta,learned_verb_me_target_inf,2
encanta,learned_verb_me_target_inf_noun,2
encanta,learned_verb_te_target_inf,2
estados,learned_noun_los_target_tienen_noun,2
existe,learned_verb_no_target_la_noun_adj,2
existe,learned_verb_target_un_noun,2
grandes,learned_adjective_los_noun_target_verb_mucho,2
hacen,learned_verb_ellos_target_la_noun,2
hicieron,learned_verb_noun_target_la_noun,2
hombres,learned_noun_los_target_verb_noun,2
incluso,learned_adverb_target_prep_phrase_verb_noun,2
junto,learned_adjective_el_noun_est_target_prep_phrase,2
junto,learned_adjective_el_noun_verb_target_a_la_noun,2
jóvenes,learned_adjective_los_target_verb_mucho,2
jóvenes,learned_adjective_los_target_verb_noun,2
llamo,learned_verb_target_a_mi_noun,2
llamo,learned_verb_target_prep_phrase,2
lleva,learned_verb_target_noun_a_la_noun,2
maldito,learned_noun_este_target_noun_no_verb,2
meses,learned_noun_los_target_verb_adj,2
millones,learned_noun_target_prep_phrase_en_el_noun,2
minutos,learned_noun_verb_sesenta_target,2
mujeres,learned_noun_las_target_verb_adv,2
mujeres,learned_noun_las_target_verb_noun,2
necesitas,learned_verb_target_inf_prep_phrase,2
negro,learned_adjective_el_noun_est_adj_y_target,2
negro,learned_adjective_la_noun_es_prep_phrase_target,2
nuevos,learned_adjective_el_noun_tiene_target_noun,2
nuevos,learned_adjective_hay_target_noun_en_la_noun,2
nuevos,learned_adjective_los_noun_tienen_target_noun,2
oficial,learned_adjective_es_target_de_la_noun,2
oficial,learned_adjective_es_target_prep_phrase,2
ojos,learned_noun_ella_verb_sus_target,2
ojos,learned_noun_noun_target_est_n_adj,2
ojos,learned_noun_tengo_target_adj,2
oído,learned_verb_el_target_es_adj,2
oído,learned_verb_verb_noun_con_el_target,2
palabras,learned_noun_las_target_verb_adj,2
partes,learned_noun_las_target_adj_prep_phrase,2
partes,learned_noun_las_target_de_las_noun,2
pasando,learned_verb_noun_el_noun_target_la_noun,2
pequeña,learned_adjective_tengo_una_noun_target,2
poco,learned_adverb_es_un_noun_target_adj,2
poco,learned_adverb_es_una_noun_target_adj,2
poco,learned_adverb_verb_target_noun,2
podrían,learned_verb_target_inf_prep_phrase,2
preguntas,learned_noun_las_target_verb_adj,2
pruebas,learned_noun_las_target_verb_adj,2
pruebas,learned_noun_target_de_adj,2
próxima,learned_adjective_la_target_noun_verb_adj,2
próximo,learned_adjective_el_target_noun_verb_adj,2
público,learned_adjective_el_noun_es_para_el_target_adj,2
querida,learned_adjective_es_mi_target_noun,2
querida,learned_adjective_target_adj_adv_est_s,2
querido,learned_verb_verb_con_el_target,2
quienes,learned_function_verb_target_verb_la_noun,2
quizá,learned_adverb_target_verb_prep_phrase,2
quizá,learned_adverb_target_verb_una_noun,2
segunda,learned_adjective_target_es_adj,2
señora,learned_noun_la_target_noun,2
supone,learned_verb_target_un_noun_adj,2
supone,learned_verb_target_una_noun,2
tanto,learned_adverb_ella_verb_target_noun,2
tipos,learned_noun_verb_esos_target_prep_phrase,2
total,learned_adjective_verb_target_adj,2
unidos,learned_adjective_los_noun_est_n_target,2
unidos,learned_adjective_verb_target_en_la_noun,2
vosotros,learned_function_target_com_is_noun,2
vosotros,learned_function_target_verb_adv,2
vosotros,learned_function_target_verb_noun,2
ésta,learned_function_target_es_noun,2
último,learned_adjective_es_el_target_noun,2
única,learned_adjective_es_la_target_noun,2
única,learned_adjective_esta_es_la_target_noun,2
además,learned_adverb_target_es_adv,1
además,learned_adverb_target_es_noun,1
además,learned_adverb_target_est_verb,1
además,learned_adverb_target_me_duele_la_noun,1
además,learned_adverb_target_me_verb_ana,1
además,learned_adverb_target_me_verb_los_noun,1
además,learned_adverb_target_no_tengo_noun,1
además,learned_adverb_target_quiero_inf_prep_phrase,1
además,learned_adverb_target_tengo_noun,1
además,learned_adverb_target_tengo_que_inf,1
además,learned_adverb_target_voy_a_la_noun,1
adónde,learned_adverb_target_est_la_noun,1
adónde,learned_adverb_target_est_n_noun,1
adónde,learned_adverb_target_va_tu_noun,1
adónde,learned_adverb_target_vamos_para_inf,1
adónde,learned_adverb_target_van_esas_noun,1
adónde,learned_adverb_target_van_esos_noun,1
adónde,learned_adverb_target_van_tus_noun,1
adónde,learned_adverb_target_vas_hoy,1
adónde,learned_adverb_target_verb_el_noun,1
adónde,learned_adverb_target_verb_prep_phrase,1
agente,learned_noun_el_target_es_noun,1
agente,learned_noun_el_target_est_adj,1
agente,learned_noun_el_target_tiene_una_noun,1
agente,learned_noun_el_target_verb_adj,1
agente,learned_noun_el_target_verb_adv,1
agente,learned_noun_el_target_verb_aqu,1
agente,learned_noun_el_target_verb_noun,1
agente,learned_noun_este_es_un_target_adj,1
ambos,learned_function_nos_verb_target,1
ambos,learned_function_target_noun_verb_adj,1
ambos,learned_function_verb_target,1
ambos,learned_function_verb_target_noun,1
amo,learned_noun_el_target_adj_la_noun,1
amo,learned_noun_el_target_es_adv_adj,1
amo,learned_noun_el_target_noun,1
amo,learned_noun_el_target_noun_la_noun,1
amo,learned_noun_el_target_tiene_un_noun,1
amo,learned_noun_el_target_verb_a_inf,1
amo,learned_noun_el_target_verb_a_su_noun,1
amo,learned_noun_el_target_verb_adv,1
amo,learned_noun_el_target_verb_con_el_noun,1
amo,learned_noun_el_target_verb_de_inf_prep_phrase,1
amo,learned_noun_el_target_verb_en_el_noun,1
amo,learned_noun_el_target_verb_en_una_noun_adj,1
amo,learned_noun_el_target_verb_mucho,1
amo,learned_noun_el_target_verb_prep_phrase,1
anoche,learned_adverb_target_jugu_prep_phrase,1
anoche,learned_adverb_target_me_ba,1
anoche,learned_adverb_target_me_cepill_los_noun,1
anoche,learned_adverb_target_me_verb_adv,1
anoche,learned_adverb_target_verb_a_mi_noun,1
anoche,learned_adverb_target_verb_adj,1
anoche,learned_adverb_target_verb_adv,1
anoche,learned_adverb_target_verb_con_mi_noun,1
anoche,learned_adverb_target_verb_la_noun,1
anoche,learned_adverb_target_verb_pizza,1
anoche,learned_adverb_target_verb_una_noun,1
armas,learned_noun_el_noun_tiene_adj_target,1
armas,learned_noun_el_noun_verb_adv_target,1
armas,learned_noun_las_target_est_n_adj_prep_phrase,1
armas,learned_noun_las_target_no_resuelven_noun,1
armas,learned_noun_las_target_no_se_verb_prep_phrase,1
armas,learned_noun_las_target_prep_phrase_requieren_noun,1
armas,learned_noun_las_target_verb_adj,1
armas,learned_noun_las_target_verb_adv_adj,1
armas,learned_noun_las_target_verb_inf_desarmadas,1
armas,learned_noun_las_target_verb_noun_del_estado,1
armas,learned_noun_los_noun_verb_target,1
armas,learned_noun_no_verb_target_aqu,1
armas,learned_noun_no_verb_target_en_el_noun,1
armas,learned_noun_noun_las_target_en_un_noun_adj,1
armas,learned_noun_noun_para_inf_target,1
armas,learned_noun_tiene_que_verb_para_inf_target,1
armas,learned_noun_verb_adj_target,1
armas,learned_noun_verb_target_para_la_noun,1
ayer,learned_adverb_target_jugu_noun,1
ayer,learned_adverb_target_me_pein,1
ayer,learned_adverb_target_me_verb_adv,1
ayer,learned_adverb_target_verb_adv,1
ayer,learned_adverb_target_verb_mucho,1
ayer,learned_adverb_target_verb_un_noun,1
ayer,learned_adverb_target_verb_una_noun,1
ayer,learned_adverb_verb_a_la_noun_target,1
ayer,learned_adverb_verb_adj_target,1
ayer,learned_adverb_verb_adv_target,1
ayer,learned_adverb_verb_una_noun_target,1
baja,learned_adjective_hay_target_noun_para_este_noun,1
baja,learned_adjective_la_target_en_la_noun_adj,1
baja,learned_adjective_la_target_en_los_noun_verb,1
baja,learned_adjective_la_target_noun_prep_phrase,1
baja,learned_adjective_la_target_noun_verb_prep_phrase,1
baja,learned_adjective_la_target_noun_verb_que_se_enfermaran,1
baja,learned_adjective_se_verb_una_target_en_las_noun,1
baja,learned_adjective_tiene_target_noun_verb_inf,1
baja,learned_adjective_verb_target_noun_a_la_noun,1
baja,learned_adjective_verb_target_noun_en_la_noun,1
bastante,learned_adverb_ella_es_target_adj,1
bastante,learned_adverb_es_target_adv,1
bastante,learned_adverb_est_target_adv,1
bastante,learned_adverb_hay_target_noun,1
bastante,learned_adverb_verb_target_adj,1
bastante,learned_adverb_verb_target_noun,1
buena,learned_adjective_ese_noun_es_target_noun,1
buena,learned_adjective_est_verb_target_adv,1
buena,learned_adjective_est_verb_target_noun,1
buena,learned_adjective_esta_es_una_target_noun,1
buena,learned_adjective_la_noun_es_target,1
buena,learned_adjective_me_verb_esa_target_noun,1
buena,learned_adjective_tengo_una_target_noun,1
buena,learned_adjective_tiene_una_target_noun,1
cambiar,learned_verb_no_puedo_target_mi_noun,1
cambiar,learned_verb_puedo_target_el_noun,1
cambiar,learned_verb_quiero_target_prep_phrase,1
cambiar,learned_verb_tengo_que_target_la_noun,1
cambiar,learned_verb_verb_target_de_adj,1
cambiar,learned_verb_verb_target_la_noun,1
cambiar,learned_verb_voy_a_target_el_noun,1
casos,learned_noun_el_noun_verb_los_target,1
casos,learned_noun_estos_target_verb_adv_adj,1
casos,learned_noun_hay_muchos_target_de_esta_noun,1
casos,learned_noun_los_target_muestran_noun,1
casos,learned_noun_los_target_se_verb_en_la_noun,1
casos,learned_noun_los_target_se_verb_entre_s,1
casos,learned_noun_los_target_se_verb_prep_phrase,1
casos,learned_noun_los_target_se_verb_prep_phrase_prep_phrase,1
casos,learned_noun_los_target_se_verb_seg_n_su_noun,1
casos,learned_noun_los_target_var_an_prep_phrase,1
casos,learned_noun_los_target_verb_a_inf_adj,1
casos,learned_noun_los_target_verb_adj_entre_noun,1
casos,learned_noun_los_target_verb_adj_para_la_noun,1
casos,learned_noun_los_target_verb_adv,1
casos,learned_noun_los_target_verb_examinados_adv,1
casos,learned_noun_los_target_verb_noun_adj,1
casos,learned_noun_los_target_verb_por_adj,1
casos,learned_noun_se_documentan_todos_los_target,1
casos,learned_noun_verb_varios_target_en_el_noun,1
chicas,learned_noun_las_target_sonr_en,1
chicos,learned_noun_los_target_sonr_en,1
chicos,learned_noun_los_target_verb,1
chicos,learned_noun_los_target_verb_adv,1
chicos,learned_noun_los_target_verb_en_el_noun,1
chicos,learned_noun_los_target_verb_la_noun,1
chicos,learned_noun_los_target_verb_mucho,1
chicos,learned_noun_target_ayudadme_prep_phrase,1
chicos,learned_noun_target_es_noun_prep_phrase,1
chicos,learned_noun_target_lavaros_las_noun,1
chicos,learned_noun_target_limpiad_la_noun,1
chicos,learned_noun_target_no_hag_is_noun,1
chicos,learned_noun_target_salid_a_inf,1
chicos,learned_noun_target_sentaos,1
chicos,learned_noun_target_subid_prep_phrase,1
chicos,learned_noun_target_traed_los_noun,1
chicos,learned_noun_target_verb_aqu,1
chicos,learned_noun_target_verb_un_noun,1
comer,learned_verb_me_verb_target_noun,1
comer,learned_verb_no_olvides_target,1
comer,learned_verb_no_puedo_target_esto,1
comer,learned_verb_no_quiero_target,1
comer,learned_verb_t_verb_target_saludablemente,1
comer,learned_verb_verb_target_adv_hoy,1
comer,learned_verb_verb_target_algo_adj,1
control,learned_noun_el_target_adj,1
control,learned_noun_el_target_es_adj,1
control,learned_noun_tiene_target_adj,1
control,learned_noun_verb_el_target,1
creí,learned_verb_no_target_lo_que_verb,1
creí,learned_verb_target_en_sus_noun,1
creí,learned_verb_target_que_llover_a,1
creí,learned_verb_target_que_verb_adv,1
creí,learned_verb_target_que_verb_hoy,1
creí,learned_verb_target_que_verb_noun,1
cualquiera,learned_function_escoje_target,1
cualquiera,learned_function_target_es_bienvenido,1
cuanto,learned_adverb_target_verb,1
cuándo,learned_adverb_target_llueve,1
cuándo,learned_adverb_target_naces,1
cuándo,learned_adverb_target_r_es,1
cuándo,learned_adverb_target_te_verb,1
cuándo,learned_adverb_target_verb_el_noun,1
cuándo,learned_adverb_target_verb_la_noun,1
cuándo,learned_adverb_target_verb_noun,1
cuándo,learned_adverb_target_verb_prep_phrase,1
dan,learned_verb_nos_target_noun,1
dan,learned_verb_target_noun_a_la_noun,1
dan,learned_verb_target_noun_en_el_noun,1
dan,learned_verb_target_noun_en_navidad,1
dan,learned_verb_target_noun_para_inf,1
dan,learned_verb_target_noun_por_todo,1
dan,learned_verb_target_noun_prep_phrase,1
datos,learned_noun_los_target_est_n_adj,1
datos,learned_noun_los_target_se_verb,1
datos,learned_noun_no_tengo_esos_target,1
datos,learned_noun_noun_los_target,1
datos,learned_noun_noun_los_target_adj,1
datos,learned_noun_noun_los_target_aqu,1
datos,learned_noun_tengo_target_adj,1
datos,learned_noun_verb_esos_target,1
datos,learned_noun_verb_los_target,1
datos,learned_noun_verb_los_target_adj,1
datos,learned_noun_verb_los_target_de_adj,1
debemos,learned_verb_target_inf_a_los_dem_s,1
debemos,learned_verb_target_inf_adv,1
debemos,learned_verb_target_inf_el_noun,1
debemos,learned_verb_target_inf_la_noun,1
debemos,learned_verb_target_inf_prep_phrase_adj,1
debemos,learned_verb_target_lavarnos_las_noun,1
deben,learned_verb_ellas_target_inf,1
deben,learned_verb_ellos_target_inf,1
deben,learned_verb_target_inf_a_todos,1
deben,learned_verb_target_inf_aqu,1
deben,learned_verb_target_inf_el_noun,1
deben,learned_verb_target_inf_la_noun,1
deben,learned_verb_target_inf_las_noun,1
deben,learned_verb_target_inf_prep_phrase,1
deben,learned_verb_target_inf_su_noun,1
debido,learned_adjective_el_noun_est_target_a_la_noun,1
debido,learned_adjective_ella_est_target_un_noun,1
debido,learned_adjective_ella_est_target_una_noun,1
debido,learned_adjective_estamos_target_una_adj,1
debido,learned_adjective_estamos_target_una_noun,1
debido,learned_adjective_estoy_target_una_adj,1
debido,learned_adjective_juan_es_target_una_noun,1
debido,learned_adjective_l_es_target_una_adj,1
debido,learned_adjective_la_noun_verb_noun_target,1
debido,learned_adjective_t_est_s_target_una_noun,1
debido,learned_adjective_target_es_la_noun_aqu,1
debido,learned_adjective_tengo_que_inf_una_noun_target,1
debido,learned_adjective_verb_inf_una_noun_target,1
debido,learned_adjective_verb_noun_target,1
debido,learned_adjective_verb_que_inf_una_noun_target,1
debido,learned_adjective_verb_una_noun_target,1
decía,learned_verb_carlos_target_noun,1
decía,learned_verb_el_noun_target_su_noun,1
decía,learned_verb_ella_target_que_s,1
decía,learned_verb_target_adj,1
decía,learned_verb_target_hola,1
decía,learned_verb_target_mi_noun,1
decía,learned_verb_target_que_llover_a,1
decía,learned_verb_target_que_verb_adv,1
demás,learned_function_adv_noun_target_verb,1
demás,learned_function_ella_tiene_otros_noun_target,1
demás,learned_function_ellos_verb_de_otros_noun_target,1
demás,learned_function_esas_verb_noun_target,1
demás,learned_function_hay_adv_noun_target,1
demás,learned_function_otros_noun_target_est_n_en_el_noun,1
demás,learned_function_otros_noun_target_est_n_en_la_noun,1
demás,learned_function_otros_noun_target_verb_adj,1
demás,learned_function_otros_noun_target_verb_aqu,1
demás,learned_function_tengo_adv_noun_target,1
dicen,learned_verb_target_la_noun,1
dicen,learned_verb_target_que_es_adv,1
dicen,learned_verb_target_que_es_m_o,1
dicen,learned_verb_target_que_es_nuestro,1
dicen,learned_verb_target_que_es_suyo,1
dicen,learned_verb_target_que_es_tuyo,1
dicen,learned_verb_target_que_es_vuestro,1
dicen,learned_verb_target_que_llueve,1
diciendo,learned_verb_ana_verb_target_que_est_adj,1
diciendo,learned_verb_carlos_me_verb_target_que_no_verb,1
diciendo,learned_verb_el_noun_est_target_su_noun,1
diciendo,learned_verb_el_noun_le_verb_target_que_verb_adv_adj,1
diciendo,learned_verb_el_noun_verb_target_que_es_suyo,1
diciendo,learned_verb_el_noun_verb_target_que_verb_adj,1
diciendo,learned_verb_el_noun_verb_target_que_verb_mucho,1
diciendo,learned_verb_ella_est_target_la_noun,1
diciendo,learned_verb_juan_verb_que_es_adv_target_las_noun,1
diciendo,learned_verb_la_noun_est_target_las_noun,1
diciendo,learned_verb_la_noun_verb_target_que_es_su_noun,1
diciendo,learned_verb_la_noun_verb_target_que_verb_inf_prep_phrase,1
diciendo,learned_verb_los_noun_est_n_target_noun,1
diciendo,learned_verb_mar_a_verb_target_que_verb_noun,1
diciendo,learned_verb_pedro_verb_target_que_es_noun_de_inf,1
diferentes,learned_adjective_ella_verb_target_noun_seg_n_la_noun,1
diferentes,learned_adjective_ellos_tienen_target_noun,1
diferentes,learned_adjective_hay_target_noun_de_inf,1
diferentes,learned_adjective_hay_target_noun_en_el_noun,1
diferentes,learned_adjective_hay_target_noun_prep_phrase,1
diferentes,learned_adjective_las_noun_verb_de_target_noun,1
diferentes,learned_adjective_los_noun_verb_con_target_noun,1
diferentes,learned_adjective_los_noun_verb_de_target_noun,1
diferentes,learned_adjective_los_noun_verb_target_noun,1
diferentes,learned_adjective_tienen_target_noun_sobre_el_noun,1
diferentes,learned_adjective_verb_target_las_noun_de_cada_noun,1
diferentes,learned_adjective_verb_target_las_noun_prep_phrase,1
diferentes,learned_adjective_verb_target_los_noun_que_verb,1
diferentes,learned_adjective_verb_target_noun_en_el_noun,1
diferentes,learned_adjective_verb_target_noun_en_la_noun,1
diferentes,learned_adjective_verb_target_noun_para_inf,1
diferentes,learned_adjective_verb_target_noun_para_verb,1
diferentes,learned_adjective_verb_target_noun_prep_phrase,1
dijeron,learned_verb_ella_target_que_verb_adj,1
dijeron,learned_verb_ellas_target_que_les_verb,1
dijeron,learned_verb_ellas_target_que_no_verb,1
dijeron,learned_verb_ellas_target_que_verb_a_inf,1
dijeron,learned_verb_ellos_target_que_llover_a,1
dijeron,learned_verb_ellos_target_que_se_verb,1
dijeron,learned_verb_ellos_target_que_te_noun,1
dijeron,learned_verb_ellos_target_que_verb_adj,1
dijeron,learned_verb_ellos_target_que_verb_noun,1
dijeron,learned_verb_l_target_que_lo_verb,1
dijeron,learned_verb_l_target_que_s,1
dijeron,learned_verb_nosotros_target_que_ir_amos,1
dijeron,learned_verb_nosotros_target_que_nos_ver_amos,1
dijeron,learned_verb_nosotros_target_que_nos_verb,1
dijeron,learned_verb_nosotros_target_que_verb_adv,1
dijeron,learned_verb_t_target_que_me_verb,1
dijeron,learned_verb_t_target_que_te_verb,1
dijeron,learned_verb_ustedes_target_que_verb_noun,1
durante,learned_function_adj_target_la_noun,1
durante,learned_function_adj_target_noun,1
durante,learned_function_adj_target_todo_el_noun,1
durante,learned_function_descans_target_la_noun,1
durante,learned_function_jugu_target_el_noun,1
durante,learned_function_target_la_adv_verb,1
durante,learned_function_target_la_noun_verb,1
durante,learned_function_verb_target_adj,1
durante,learned_function_verb_target_cinco_noun,1
durante,learned_function_verb_target_la_noun,1
durante,learned_function_verb_target_toda_la_noun,1
durante,learned_function_verb_target_una_noun,1
dólares,learned_noun_el_noun_es_de_doscientos_target,1
dólares,learned_noun_el_noun_verb_cuatrocientos_target,1
dólares,learned_noun_ella_tiene_ochenta_target_en_la_noun,1
dólares,learned_noun_l_verb_quinientos_target,1
dólares,learned_noun_no_puedo_inf_con_target_aqu,1
dólares,learned_noun_no_tengo_adj_target,1
dólares,learned_noun_noun_me_verb_cien_target,1
dólares,learned_noun_noun_me_verb_target,1
dólares,learned_noun_quiero_inf_adv_target,1
dólares,learned_noun_quiero_inf_una_noun_con_target,1
dólares,learned_noun_tengo_cincuenta_target,1
dólares,learned_noun_tengo_que_inf_tres_target,1
dólares,learned_noun_tengo_que_verb_ciento_veinte_target,1
dólares,learned_noun_verb_inf_target_prep_phrase,1
dólares,learned_noun_verb_mi_noun_por_mil_target,1
dólares,learned_noun_verb_noun_con_cinco_target,1
dólares,learned_noun_verb_noun_prep_phrase_target,1
dólares,learned_noun_verb_que_inf_todos_los_target,1
dólares,learned_noun_verb_un_noun_con_diez_target,1
dónde,learned_adverb_target_est_la_noun,1
dónde,learned_adverb_target_est_n_noun,1
dónde,learned_adverb_target_est_s,1
dónde,learned_adverb_target_hay_un_noun,1
dónde,learned_adverb_target_naces,1
dónde,learned_adverb_target_noun_las_noun,1
dónde,learned_adverb_target_te_verb_inf,1
dónde,learned_adverb_target_va_el_noun,1
dónde,learned_adverb_target_verb_el_noun,1
dónde,learned_adverb_target_verb_noun,1
dónde,learned_adverb_target_verb_tus_noun,1
encanta,learned_verb_a_ellos_les_target_inf,1
encanta,learned_verb_a_ellos_les_target_inf_prep_phrase,1
encanta,learned_verb_a_m_me_target_inf,1
encanta,learned_verb_les_target_inf,1
encanta,learned_verb_les_target_inf_noun,1
encanta,learned_verb_les_target_inf_prep_phrase,1
encanta,learned_verb_nos_target_inf_pizza,1
encanta,learned_verb_te_target_inf_la_noun,1
encanta,learned_verb_te_target_inf_noun,1
esposa,learned_noun_ella_tiene_una_target_adj,1
esposa,learned_noun_ella_verb_a_su_target,1
esposa,learned_noun_ella_y_su_target_van_a_inf,1
esposa,learned_noun_ella_y_su_target_van_prep_phrase,1
esposa,learned_noun_ella_y_su_target_verb_mucho,1
esposa,learned_noun_ella_y_su_target_verb_noun,1
esposa,learned_noun_la_target_de_carlos_es_adj,1
esposa,learned_noun_la_target_de_juan_es_adj,1
esposa,learned_noun_la_target_de_luis_es_noun,1
esposa,learned_noun_la_target_de_mario_es_noun,1
esposa,learned_noun_la_target_de_pedro_es_noun,1
esposa,learned_noun_la_target_verb_en_la_noun,1
esposa,learned_noun_mi_target_es_adv_adj,1
esposa,learned_noun_mi_target_es_noun,1
esposa,learned_noun_mi_target_me_verb_mucho,1
esposa,learned_noun_mi_target_verb_adj,1
esposa,learned_noun_mi_target_verb_adv,1
esposa,learned_noun_mi_target_verb_la_noun,1
esposa,learned_noun_su_target_noun_adv,1
esposa,learned_noun_tengo_una_target_adv_adj,1
estados,learned_noun_los_target_tienen_adj_noun,1
estados,learned_noun_los_target_verb_adv_adj,1
estados,learned_noun_target_adj_es_adj,1
estados,learned_noun_verb_a_varios_target,1
estados,learned_noun_verb_cinco_target,1
estados,learned_noun_verb_entre_target,1
estados,learned_noun_verb_los_target_en_el_noun,1
estados,learned_noun_verb_por_target_noun,1
existe,learned_verb_no_target_aqu,1
existe,learned_verb_no_target_el_noun_adj,1
existe,learned_verb_no_target_tal_noun,1
existe,learned_verb_s_target,1
existe,learned_verb_target_alguna_noun,1
existe,learned_verb_target_en_el_noun,1
existe,learned_verb_target_la_noun,1
existe,learned_verb_target_una_noun_adj,1
fuera,learned_adverb_el_noun_est_verb_target,1
fuera,learned_adverb_el_noun_se_verb_en_el_noun_target,1
fuera,learned_adverb_est_verb_target,1
fuera,learned_adverb_hay_mucho_noun_target,1
fuera,learned_adverb_no_fumes_aqu_verb_target,1
fuera,learned_adverb_no_tires_la_noun_aqu_verb_target,1
fuera,learned_adverb_no_verb_la_noun_adj_target,1
fuera,learned_adverb_no_verb_target,1
fuera,learned_adverb_target_verb_noun,1
fuera,learned_adverb_verb_el_noun_adj_target,1
fuera,learned_adverb_verb_la_noun_adv_no_la_verb_target,1
fuera,learned_adverb_verb_las_noun_desde_target,1
fuera,learned_adverb_verb_los_noun_y_verb_noun_adj_target,1
fuera,learned_adverb_verb_noun_adv_no_target,1
fuera,learned_adverb_verb_noun_bajo_el_noun_target,1
fuera,learned_adverb_verb_noun_verb_target,1
fuera,learned_adverb_verb_prep_phrase_con_tus_noun_target,1
fuera,learned_adverb_verb_target_prep_phrase,1
fuera,learned_adverb_verb_un_noun_si_vas_target,1
fuera,learned_adverb_verb_una_noun_mientras_est_s_target,1
grandes,learned_adjective_esas_noun_verb_target,1
grandes,learned_adjective_hay_noun_target_en_el_noun,1
grandes,learned_adjective_las_noun_est_n_target_hoy,1
grandes,learned_adjective_las_noun_prep_phrase_verb_target,1
grandes,learned_adjective_las_noun_target_verb_adj,1
grandes,learned_adjective_las_noun_verb_target,1
grandes,learned_adjective_los_noun_target_verb_adj,1
grandes,learned_adjective_los_noun_target_verb_noun,1
grandes,learned_adjective_los_noun_verb_target,1
grandes,learned_adjective_los_noun_verb_unos_noun_target,1
habría,learned_verb_target_que_inf_adv,1
hacen,learned_verb_ellas_target_la_noun,1
hacen,learned_verb_ellos_target_los_noun,1
hacen,learned_verb_noun_target_noun,1
hacen,learned_verb_target_el_noun_prep_phrase,1
hacen,learned_verb_target_la_adj_prep_phrase,1
hacen,learned_verb_target_la_noun,1
hacen,learned_verb_target_la_noun_en_la_noun,1
hacen,learned_verb_target_las_noun_para_inf,1
hacen,learned_verb_target_mucho_noun,1
hacía,learned_verb_target_la_noun,1
hacía,learned_verb_target_la_noun_adv_de_inf,1
hacía,learned_verb_target_la_noun_para_inf,1
hacía,learned_verb_target_noun_para_verb,1
hacía,learned_verb_target_un_noun_con_la_noun,1
hacía,learned_verb_target_un_noun_en_la_noun,1
hacía,learned_verb_target_una_noun_con_la_noun,1
hago,learned_verb_target_el_noun,1
hago,learned_verb_target_la_adj,1
hago,learned_verb_target_noun,1
hará,learned_verb_hoy_target_noun,1
hará,learned_verb_noun_target_mucho_noun,1
hará,learned_verb_target_el_noun,1
hará,learned_verb_target_la_noun_esta_adv,1
hará,learned_verb_target_noun,1
haría,learned_verb_target_el_noun,1
haría,learned_verb_target_la_adj,1
haría,learned_verb_target_las_noun,1
haría,learned_verb_target_noun,1
haz,learned_noun_target_el_noun,1
haz,learned_noun_target_la_adj,1
haz,learned_noun_target_la_noun_prep_phrase,1
hicieron,learned_verb_ellas_target_la_noun,1
hicieron,learned_verb_los_noun_target_los_noun,1
hicieron,learned_verb_target_las_noun,1
hombres,learned_noun_hay_muchos_target_aqu,1
hombres,learned_noun_los_target_sonr_en,1
hombres,learned_noun_los_target_verb_pizza,1
hombres,learned_noun_target_verb_el_noun,1
hombres,learned_noun_target_verb_en_el_noun,1
hombres,learned_noun_target_verb_en_la_noun,1
hombres,learned_noun_target_verb_entre_s,1
hombres,learned_noun_target_verb_por_la_noun,1
hombres,learned_noun_verb_a_los_target,1
horas,learned_noun_adj_verb_unas_pocas_target,1
horas,learned_noun_el_noun_verb_cuatro_target,1
horas,learned_noun_es_adv_verb_las_diez_target,1
horas,learned_noun_estoy_adj_verb_estado_aqu_muchas_target,1
horas,learned_noun_las_target_verb_adj_cuando_verb,1
horas,learned_noun_noun_ocho_target_prep_phrase,1
horas,learned_noun_target_adj_no_verb_adj_hoy,1
horas,learned_noun_tengo_cinco_target_prep_phrase_hoy,1
horas,learned_noun_tengo_que_inf_dos_target_adv,1
horas,learned_noun_tengo_que_inf_durante_varias_target,1
horas,learned_noun_verb_adj_tres_target_adv_de_la_noun,1
horas,learned_noun_verb_durante_doce_target,1
horas,learned_noun_verb_en_la_noun_siete_target,1
horas,learned_noun_verb_inf_adv_de_tantas_target,1
horas,learned_noun_verb_las_seis_target_de_la_adv,1
horas,learned_noun_voy_prep_phrase_adv_de_estas_target,1
hubo,learned_verb_target_mucha_noun,1
incluso,learned_adverb_target_a_ella_le_verb,1
incluso,learned_adverb_target_a_ellos_les_verb,1
incluso,learned_adverb_target_a_l_le_verb,1
incluso,learned_adverb_target_a_m_me_verb,1
incluso,learned_adverb_target_a_nosotros_nos_verb,1
incluso,learned_adverb_target_a_ti_te_verb,1
incluso,learned_adverb_target_a_vosotros_os_verb,1
incluso,learned_adverb_target_ella_verb_adv,1
incluso,learned_adverb_target_ellos_no_est_n_aqu,1
incluso,learned_adverb_target_hoy_verb_noun,1
incluso,learned_adverb_target_l_no_verb,1
incluso,learned_adverb_target_nos_verb_mucho,1
incluso,learned_adverb_target_nosotros_verb_inf,1
incluso,learned_adverb_target_noun_verb_inf,1
incluso,learned_adverb_target_prep_phrase_est_adj,1
incluso,learned_adverb_target_t_verb_inf,1
incluso,learned_adverb_target_vosotros_verb_inf,1
incluso,learned_adverb_target_yo_puedo_inf,1
jugar,learned_verb_me_verb_target,1
jugar,learned_verb_no_puedo_target,1
jugar,learned_verb_quiero_target_adv,1
jugar,learned_verb_t_verb_target,1
jugar,learned_verb_vamos_a_target,1
jugar,learned_verb_verb_target,1
jugar,learned_verb_verb_target_adv,1
jugar,learned_verb_verb_target_noun,1
jugar,learned_verb_voy_a_target_prep_phrase,1
junto,learned_adjective_el_noun_est_target_a_la_noun,1
junto,learned_adjective_ella_verb_target_a_su_noun,1
junto,learned_adjective_ellos_verb_target_a_la_noun,1
junto,learned_adjective_estoy_target_a_mi_noun,1
junto,learned_adjective_la_noun_est_target_a_la_noun,1
junto,learned_adjective_las_noun_verb_target_prep_phrase,1
junto,learned_adjective_los_noun_verb_target_a_la_noun,1
junto,learned_adjective_los_noun_verb_target_a_los_noun,1
junto,learned_adjective_los_noun_verb_target_prep_phrase,1
junto,learned_adjective_nosotros_verb_target_a_la_noun,1
junto,learned_adjective_target_a_l_hay_un_noun,1
junto,learned_adjective_target_a_la_noun_hay_un_noun,1
junto,learned_adjective_target_a_m_hay_una_noun,1
junto,learned_adjective_verb_target_a_la_noun,1
junto,learned_adjective_verb_target_a_nosotros,1
jóvenes,learned_adjective_est_n_adv_target_para_inf,1
jóvenes,learned_adjective_las_target_van_a_la_noun,1
jóvenes,learned_adjective_las_target_van_prep_phrase,1
jóvenes,learned_adjective_las_target_verb_adj,1
jóvenes,learned_adjective_las_target_verb_en_el_noun,1
jóvenes,learned_adjective_los_target_verb_de_la_noun,1
jóvenes,learned_adjective_los_target_verb_maratones,1
jóvenes,learned_adjective_verb_target_y_adj,1
llamada,learned_adjective_ella_es_la_noun_target_carmen,1
llamada,learned_adjective_ella_es_la_noun_target_elena,1
llamada,learned_adjective_ella_es_una_noun_target_mar_a,1
llamada,learned_adjective_hay_una_noun_target_mallorca,1
llamada,learned_adjective_hay_una_noun_target_noun_adj,1
llamada,learned_adjective_l_verb_una_noun_target_ana,1
llamada,learned_adjective_la_noun_target_adj_est_prep_phrase,1
llamada,learned_adjective_target_por_el_noun_verb_adv,1
llamada,learned_adjective_target_por_la_noun_verb,1
llamada,learned_adjective_target_por_su_noun_ella_verb,1
llamada,learned_adjective_target_prep_phrase_no_verb,1
llamada,learned_adjective_tengo_una_noun_target_luc_a,1
llamo,learned_verb_target_a_juan,1
llamo,learned_verb_target_a_un_noun,1
llegado,learned_verb_el_noun_verb_target_a_madrid,1
llegado,learned_verb_el_noun_verb_target_hoy,1
llegado,learned_verb_el_noun_verb_target_prep_phrase,1
llegado,learned_verb_juan_verb_target_prep_phrase,1
llegado,learned_verb_los_verb_target_ya,1
lleva,learned_verb_target_el_noun_prep_phrase,1
lleva,learned_verb_target_la_noun_adj_a_la_noun,1
lleva,learned_verb_target_las_noun_prep_phrase,1
lleva,learned_verb_target_noun_a_su_noun,1
lleva,learned_verb_target_noun_para_inf,1
lleva,learned_verb_target_noun_prep_phrase_prep_phrase,1
lleva,learned_verb_target_un_noun_a_la_noun,1
lleva,learned_verb_target_una_noun_prep_phrase,1
maldito,learned_noun_es_un_target_noun,1
maldito,learned_noun_ese_es_un_target_noun,1
maldito,learned_noun_ese_target_noun_es_adv_adj,1
maldito,learned_noun_ese_target_noun_est_adj,1
maldito,learned_noun_ese_target_noun_me_estresa,1
maldito,learned_noun_ese_target_noun_no_verb,1
maldito,learned_noun_este_target_noun_es_adj,1
maldito,learned_noun_este_target_noun_prep_phrase,1
maldito,learned_noun_estoy_adj_de_este_target_noun,1
maldito,learned_noun_no_puedo_con_este_target_noun,1
maldito,learned_noun_no_quiero_inf_a_ese_target,1
menos,learned_adverb_ella_verb_target_noun,1
menos,learned_adverb_ella_verb_target_noun_adv,1
menos,learned_adverb_ella_verb_target_noun_este_noun,1
menos,learned_adverb_ellos_van_target_noun_prep_phrase,1
menos,learned_adverb_ellos_verb_target_noun,1
menos,learned_adverb_ellos_verb_target_noun_a_la_noun,1
menos,learned_adverb_ellos_verb_target_noun_hoy,1
menos,learned_adverb_ellos_verb_target_noun_prep_phrase,1
menos,learned_adverb_hay_target_noun_en_la_noun,1
menos,learned_adverb_l_verb_target_noun_de_lo_adj,1
menos,learned_adverb_nosotros_verb_target_noun,1
menos,learned_adverb_t_verb_target_noun,1
menos,learned_adverb_t_verb_target_noun_prep_phrase_adj,1
menos,learned_adverb_tengo_target_noun_que_t,1
menos,learned_adverb_verb_target_noun_en_el_noun,1
menos,learned_adverb_verb_target_noun_esta_noun,1
menos,learned_adverb_verb_target_noun_por_la_noun,1
menos,learned_adverb_yo_como_target_pizza_que_adv,1
menos,learned_adverb_yo_verb_target_en_los_noun_prep_phrase,1
menos,learned_adverb_yo_verb_target_noun,1
meses,learned_noun_dos_target_es_mucho_noun,1
meses,learned_noun_el_noun_verb_diez_target,1
meses,learned_noun_nos_verb_por_ocho_target,1
meses,learned_noun_tengo_tres_target_prep_phrase,1
meses,learned_noun_verb_adj_durante_siete_target,1
meses,learned_noun_verb_adj_nueve_target,1
meses,learned_noun_verb_adv_cinco_target,1
meses,learned_noun_verb_aqu_dos_target,1
meses,learned_noun_verb_cuatro_target_de_verb,1
meses,learned_noun_verb_dos_target_prep_phrase,1
meses,learned_noun_verb_durante_seis_target,1
meses,learned_noun_verb_en_dos_target,1
meses,learned_noun_verb_noun_cinco_target,1
meses,learned_noun_verb_noun_durante_cuatro_target,1
meses,learned_noun_verb_por_tres_target,1
meses,learned_noun_verb_tres_target_prep_phrase,1
millones,learned_noun_el_noun_verb_target_prep_phrase,1
millones,learned_noun_hay_target_prep_phrase_en_el_noun,1
millones,learned_noun_hay_target_prep_phrase_en_la_noun,1
millones,learned_noun_target_prep_phrase_en_la_noun,1
millones,learned_noun_target_prep_phrase_en_mi_noun,1
millones,learned_noun_target_prep_phrase_en_spotify,1
millones,learned_noun_target_prep_phrase_en_wikipedia,1
millones,learned_noun_target_prep_phrase_migran_prep_phrase,1
millones,learned_noun_target_prep_phrase_prep_phrase,1
millones,learned_noun_target_prep_phrase_tienen_noun,1
millones,learned_noun_target_prep_phrase_verb_adj,1
millones,learned_noun_target_prep_phrase_verb_en_el_noun,1
millones,learned_noun_target_prep_phrase_verb_internet,1
millones,learned_noun_target_prep_phrase_verb_madrid_cada_noun,1
millones,learned_noun_target_prep_phrase_verb_noun,1
millones,learned_noun_target_prep_phrase_verb_pizza,1
millones,learned_noun_target_prep_phrase_verb_por_las_noun,1
millones,learned_noun_verb_target_prep_phrase_en_un_noun,1
minutos,learned_noun_verb_adj_noun_adv_diez_target,1
minutos,learned_noun_verb_cinco_target,1
minutos,learned_noun_verb_cuarenta_target,1
minutos,learned_noun_verb_cuatro_target,1
minutos,learned_noun_verb_diez_target,1
minutos,learned_noun_verb_durante_dos_target,1
minutos,learned_noun_verb_en_cinco_target,1
minutos,learned_noun_verb_inf_diez_target,1
minutos,learned_noun_verb_ochenta_target,1
minutos,learned_noun_verb_ocho_noun_adv_seis_target,1
minutos,learned_noun_verb_quince_target,1
minutos,learned_noun_verb_setenta_target,1
minutos,learned_noun_verb_treinta_target,1
minutos,learned_noun_verb_tres_target,1
minutos,learned_noun_verb_una_noun_adv_cinco_target,1
minutos,learned_noun_verb_veinte_target,1
minutos,learned_noun_voy_a_inf_cien_target,1
mujeres,learned_noun_esas_target_verb_noun,1
mujeres,learned_noun_ese_noun_de_target,1
mujeres,learned_noun_estas_target_verb_noun,1
mujeres,learned_noun_las_target_verb,1
mujeres,learned_noun_las_target_verb_mucho,1
mujeres,learned_noun_target_van_a_la_noun,1
mujeres,learned_noun_target_verb_adj,1
mujeres,learned_noun_target_verb_en_el_noun,1
nacional,learned_adjective_es_una_noun_target,1
nacional,learned_adjective_la_noun_target_verb_hoy,1
nacional,learned_adjective_nuestro_noun_es_adj_target_de_espa_a,1
necesitas,learned_verb_no_target_inf,1
necesitas,learned_verb_s_target_noun,1
necesitas,learned_verb_target_inf_adj,1
necesitas,learned_verb_target_inf_adv,1
necesitas,learned_verb_target_inf_adv_noun,1
necesitas,learned_verb_target_inf_algo,1
necesitas,learned_verb_target_inf_con_l,1
necesitas,learned_verb_target_inf_tu_noun,1
necesitas,learned_verb_target_inf_tus_noun,1
necesitas,learned_verb_target_inf_un_adv,1
necesitas,learned_verb_target_noun_con_eso,1
necesitas,learned_verb_verb_que_inf_adv_target_inf,1
negro,learned_adjective_el_noun_adj_es_target,1
negro,learned_adjective_el_noun_es_prep_phrase_target,1
negro,learned_adjective_el_noun_est_target,1
negro,learned_adjective_la_noun_est_noun_de_target,1
negro,learned_adjective_las_noun_est_n_noun_de_target,1
negro,learned_adjective_tiene_noun_target,1
niña,learned_noun_la_target_noun_en_la_noun,1
niña,learned_noun_la_target_salta_en_la_noun,1
niña,learned_noun_la_target_se_cepilla_los_noun,1
niña,learned_noun_la_target_sonr_e_adj,1
niña,learned_noun_la_target_verb_a_inf,1
niña,learned_noun_la_target_verb_a_su_noun,1
niña,learned_noun_la_target_verb_con_sus_noun,1
niña,learned_noun_la_target_verb_en_el_noun,1
niña,learned_noun_la_target_verb_en_su_noun,1
niña,learned_noun_la_target_verb_la_noun,1
niña,learned_noun_la_target_verb_por_la_noun,1
niña,learned_noun_la_target_verb_prep_phrase,1
niña,learned_noun_la_target_verb_prep_phrase_de_la_noun,1
niña,learned_noun_la_target_verb_una_noun,1
nuevos,learned_adjective_hay_target_noun_adj,1
nuevos,learned_adjective_la_noun_tiene_target_noun,1
nuevos,learned_adjective_los_noun_tienen_target_patines,1
nuevos,learned_adjective_noun_tienen_target_noun,1
nuevos,learned_adjective_verb_los_target_noun_prep_phrase,1
nuevos,learned_adjective_verb_target_noun,1
nuevos,learned_adjective_verb_unos_target_noun,1
oficial,learned_adjective_el_target_est_en_la_noun,1
oficial,learned_adjective_el_target_mantiene_la_noun,1
oficial,learned_adjective_el_target_noun_a_los_dem_s,1
oficial,learned_adjective_el_target_verb_adj,1
oficial,learned_adjective_el_target_verb_adv_prep_phrase,1
oficial,learned_adjective_el_target_verb_con_su_noun,1
oficial,learned_adjective_el_target_verb_los_noun,1
oficial,learned_adjective_el_target_verb_noun,1
oficial,learned_adjective_el_target_verb_noun_adj,1
oficial,learned_adjective_el_target_verb_su_noun,1
oficial,learned_adjective_es_un_target_adv_verb,1
oficial,learned_adjective_ese_es_el_target_prep_phrase,1
oficial,learned_adjective_este_es_el_target_prep_phrase,1
ojos,learned_noun_ella_adj_sus_target,1
ojos,learned_noun_ella_tiene_target_adj,1
ojos,learned_noun_ellos_tienen_target_adj,1
ojos,learned_noun_ellos_verb_a_los_target,1
ojos,learned_noun_ese_noun_tiene_target_adj,1
ojos,learned_noun_estos_target_verb_adj,1
ojos,learned_noun_l_verb_sus_target,1
ojos,learned_noun_los_target_verb_adj,1
ojos,learned_noun_nosotros_verb_con_los_target,1
ojos,learned_noun_noun_target_est_n_llorosos,1
ojos,learned_noun_sus_target_verb,1
ojos,learned_noun_sus_target_verb_adj,1
ojos,learned_noun_t_verb_target_adj,1
ok,learned_adjective_eso_es_target_para_m,1
ok,learned_adjective_est_todo_target,1
ok,learned_adjective_esto_est_adv_target,1
ok,learned_adjective_me_verb_target,1
ok,learned_adjective_todo_target_aqu,1
ok,learned_adjective_verb_target,1
oído,learned_verb_el_target_adj_es_adj,1
oído,learned_verb_el_target_inf_noun,1
oído,learned_verb_ella_tiene_adj_target,1
oído,learned_verb_ella_tiene_adv_target,1
oído,learned_verb_no_verb_con_el_target,1
oído,learned_verb_no_verb_nada_con_el_target,1
oído,learned_verb_tengo_adj_target,1
oído,learned_verb_tengo_noun_de_target,1
oído,learned_verb_verb_prep_phrase_el_target,1
oído,learned_verb_verb_un_target_adj,1
palabras,learned_noun_el_noun_verb_target,1
palabras,learned_noun_las_target_verb_inf,1
palabras,learned_noun_me_verb_inf_target,1
palabras,learned_noun_noun_verb_target,1
palabras,learned_noun_target_verb_inf,1
palabras,learned_noun_target_verb_inf_adj,1
palabras,learned_noun_target_verb_noun,1
palabras,learned_noun_tengo_muchas_target,1
palabras,learned_noun_verb_adj_target,1
palabras,learned_noun_verb_adv_target,1
palabras,learned_noun_verb_con_target,1
palabras,learned_noun_verb_con_target_adj,1
palabras,learned_noun_verb_esas_target,1
palabras,learned_noun_verb_inf_target,1
palabras,learned_noun_verb_las_target,1
palabras,learned_noun_verb_las_target_aqu,1
palabras,learned_noun_verb_tus_target,1
partes,learned_noun_estas_target_verb_adv_adj,1
partes,learned_noun_las_target_de_la_noun_adj,1
partes,learned_noun_las_target_de_la_noun_prep_phrase,1
partes,learned_noun_las_target_de_la_noun_verb_adj,1
partes,learned_noun_las_target_prep_phrase_verb_adj,1
pasando,learned_verb_target_el_noun_a_mar_a,1
pasando,learned_verb_target_el_noun_a_todos,1
pasando,learned_verb_target_el_noun_al_adj,1
pasando,learned_verb_target_el_noun_en_la_noun,1
pasando,learned_verb_target_la_noun_a_juan,1
pasando,learned_verb_target_la_noun_prep_phrase,1
pasando,learned_verb_verb_el_noun_target_la_noun,1
pasando,learned_verb_verb_el_noun_target_los_noun,1
pasando,learned_verb_verb_el_noun_target_noun_prep_phrase,1
pasando,learned_verb_verb_el_noun_target_todas_las_noun,1
pasando,learned_verb_verb_la_noun_prep_phrase_target_el_salero,1
pasando,learned_verb_verb_la_noun_target_el_noun,1
pasando,learned_verb_verb_la_noun_target_la_noun,1
pasando,learned_verb_verb_la_noun_target_los_noun,1
pasando,learned_verb_verb_la_noun_target_noun,1
pasando,learned_verb_verb_la_noun_target_prep_phrase,1
pasando,learned_verb_verb_la_noun_target_un_noun,1
pasando,learned_verb_verb_las_noun_target_el_noun,1
pase,learned_verb_el_noun_target_la_noun,1
pase,learned_verb_target_por_la_noun,1
pensando,learned_verb_ellos_est_n_target_en_verb,1
pensando,learned_verb_est_n_target_en_una_noun,1
pensando,learned_verb_estoy_target_en_inf_noun,1
pensando,learned_verb_estoy_target_en_inf_un_noun,1
pensando,learned_verb_estoy_target_en_la_noun,1
pensando,learned_verb_l_est_target_en_inf,1
pensando,learned_verb_no_estoy_target_adv,1
pensando,learned_verb_por_qu_est_s_target_adv,1
pensando,learned_verb_target_mucho_hoy,1
pequeña,learned_adjective_ella_verb_en_una_noun_target,1
pequeña,learned_adjective_es_una_noun_target,1
pequeña,learned_adjective_hay_una_noun_target,1
pequeña,learned_adjective_mi_noun_es_target,1
pequeña,learned_adjective_tiene_una_noun_target,1
pequeña,learned_adjective_verb_una_noun_target,1
personas,learned_noun_aquellas_target_verb_noun,1
personas,learned_noun_esas_target_verb_adv_adj,1
personas,learned_noun_estas_target_verb_noun,1
personas,learned_noun_hay_muchas_target_en_la_noun,1
personas,learned_noun_las_target_verb_el_noun,1
personas,learned_noun_las_target_verb_en_el_noun,1
personas,learned_noun_las_target_verb_en_la_noun,1
personas,learned_noun_las_target_verb_prep_phrase,1
personas,learned_noun_las_target_verb_prep_phrase_adj,1
personas,learned_noun_target_adj_verb_el_noun,1
personas,learned_noun_target_adj_verb_noun,1
personas,learned_noun_target_adj_verb_prep_phrase,1
personas,learned_noun_target_de_todas_las_noun_verb_aqu,1
personas,learned_noun_target_prep_phrase_verb_por_la_noun,1
personas,learned_noun_verb_a_tres_target_en_el_noun,1
personas,learned_noun_verb_target_adv_adj,1
poco,learned_adverb_ella_verb_target,1
poco,learned_adverb_no_tengo_target_noun,1
poco,learned_adverb_tengo_target_noun,1
poco,learned_adverb_verb_target_adj,1
poco,learned_adverb_verb_target_adv,1
poco,learned_adverb_verb_target_hoy,1
poco,learned_adverb_verb_target_la_noun,1
podrían,learned_verb_target_inf_a_inf,1
podrían,learned_verb_target_inf_a_los_dem_s,1
podrían,learned_verb_target_inf_adj,1
podrían,learned_verb_target_inf_adv,1
podrían,learned_verb_target_inf_la_noun,1
podrían,learned_verb_target_inf_un_noun,1
podrían,learned_verb_target_inf_una_noun,1
posición,learned_noun_el_noun_la_target,1
posición,learned_noun_el_noun_verb_de_target,1
posición,learned_noun_el_noun_verb_esa_target,1
posición,learned_noun_ella_verb_su_target,1
posición,learned_noun_l_verb_la_target_adj,1
posición,learned_noun_la_target_es_adj,1
posición,learned_noun_la_target_es_adj_aqu,1
posición,learned_noun_la_target_prep_phrase_verb,1
posición,learned_noun_tiene_una_adj_target,1
posición,learned_noun_verb_de_target_adv,1
posición,learned_noun_verb_inf_mi_target,1
posición,learned_noun_verb_la_target_de_la_noun,1
posición,learned_noun_verb_la_target_prep_phrase,1
posición,learned_noun_verb_su_target_en_el_noun,1
preguntas,learned_noun_el_noun_verb_target,1
preguntas,learned_noun_ella_verb_target,1
preguntas,learned_noun_ella_verb_target_adv,1
preguntas,learned_noun_ellos_verb_target_adj,1
preguntas,learned_noun_l_verb_target_adj,1
preguntas,learned_noun_no_verb_adv_target,1
preguntas,learned_noun_no_verb_esas_target,1
preguntas,learned_noun_noun_me_verb_target,1
preguntas,learned_noun_t_verb_target_adj,1
preguntas,learned_noun_target_adj_verb_adj,1
preguntas,learned_noun_tengo_muchas_target,1
preguntas,learned_noun_ustedes_verb_target_adj,1
preguntas,learned_noun_verb_a_todas_las_target,1
preguntas,learned_noun_verb_noun_con_target,1
preguntas,learned_noun_verb_que_inf_target,1
preguntas,learned_noun_verb_target,1
preguntas,learned_noun_verb_target_en_el_noun,1
preguntas,learned_noun_verb_target_prep_phrase,1
probablemente,learned_adverb_target_llueve_verb,1
probablemente,learned_adverb_target_me_verb_el_noun,1
probablemente,learned_adverb_target_no_verb_prep_phrase,1
probablemente,learned_adverb_target_noun_adv,1
probablemente,learned_adverb_target_sonreir,1
probablemente,learned_adverb_target_verb_adj,1
probablemente,learned_adverb_target_verb_adv,1
probablemente,learned_adverb_target_verb_esta_noun,1
probablemente,learned_adverb_target_verb_mucho,1
probablemente,learned_adverb_target_verb_pizza,1
probablemente,learned_adverb_target_verb_prep_phrase,1
probablemente,learned_adverb_target_verb_un_noun,1
probablemente,learned_adverb_target_verb_una_noun,1
probablemente,learned_adverb_target_voy_prep_phrase,1
pronto,learned_adverb_estoy_adj_target,1
pronto,learned_adverb_lo_verb_target,1
pronto,learned_adverb_nos_verb_target,1
pronto,learned_adverb_noun_target,1
pronto,learned_adverb_prepar_monos_target,1
pronto,learned_adverb_te_verb_target,1
pronto,learned_adverb_vamos_target,1
pronto,learned_adverb_verb_adv_target,1
pronto,learned_adverb_verb_all_target,1
pronto,learned_adverb_verb_prep_phrase_target,1
pronto,learned_adverb_verb_voy_target,1
propia,learned_adjective_el_noun_es_prep_phrase_target,1
propia,learned_adjective_es_su_noun_target,1
propia,learned_adjective_esta_es_mi_noun_target,1
propia,learned_adjective_la_noun_es_noun_target,1
propia,learned_adjective_la_noun_es_prep_phrase_target,1
propia,learned_adjective_la_noun_es_target_de_l,1
propia,learned_adjective_la_noun_target_prep_phrase,1
propia,learned_adjective_mi_target_noun_adv,1
propia,learned_adjective_mi_target_noun_es_adj,1
propia,learned_adjective_mi_target_noun_verb_adj,1
propia,learned_adjective_no_me_verb_tu_target_noun,1
propia,learned_adjective_su_target_noun_es_adj,1
propia,learned_adjective_tengo_una_noun_target,1
propia,learned_adjective_tiene_una_noun_target_adj,1
propia,learned_adjective_verb_nuestra_target_noun,1
propia,learned_adjective_verb_que_inf_la_noun_target,1
propio,learned_adjective_ella_tiene_un_noun_target,1
propio,learned_adjective_ellos_tienen_un_noun_target,1
propio,learned_adjective_ese_es_su_noun_target,1
propio,learned_adjective_este_es_mi_noun_target,1
propio,learned_adjective_mi_noun_es_target,1
propio,learned_adjective_mi_noun_tiene_un_noun_target,1
propio,learned_adjective_tiene_un_noun_target,1
propio,learned_adjective_tu_noun_tiene_un_noun_target,1
propio,learned_adjective_yo_tengo_un_noun_target,1
pruebas,learned_noun_el_noun_me_verb_target,1
pruebas,learned_noun_los_noun_verb_target,1
pruebas,learned_noun_tengo_que_inf_target,1
pruebas,learned_noun_verb_inf_adv_target,1
pruebas,learned_noun_verb_las_target,1
pruebas,learned_noun_verb_target,1
pruebas,learned_noun_verb_todas_las_target,1
próxima,learned_adjective_adv_es_la_target_noun,1
próxima,learned_adjective_adv_est_la_target_noun,1
próxima,learned_adjective_es_la_target_noun,1
próxima,learned_adjective_est_adv_de_la_target_noun,1
próxima,learned_adjective_esta_es_la_target_noun,1
próxima,learned_adjective_estoy_verb_la_target_adj,1
próxima,learned_adjective_hay_que_verb_para_la_target,1
próxima,learned_adjective_la_target_noun_es_adj,1
próxima,learned_adjective_la_target_noun_es_prep_phrase,1
próxima,learned_adjective_la_target_noun_no_olvides,1
próxima,learned_adjective_la_target_noun_ser_adj,1
próxima,learned_adjective_la_target_noun_verb_el_noun,1
próxima,learned_adjective_la_target_noun_verb_que_inf,1
próxima,learned_adjective_noun_es_la_target_noun,1
próxima,learned_adjective_vamos_a_la_target_noun,1
próxima,learned_adjective_voy_a_la_target_noun,1
próximo,learned_adjective_adv_es_el_target_noun,1
próximo,learned_adjective_el_target_noun_es_hoy,1
próximo,learned_adjective_el_target_noun_prep_phrase_es_noun,1
próximo,learned_adjective_el_target_noun_verb_a_las,1
próximo,learned_adjective_es_el_target_noun_prep_phrase,1
próximo,learned_adjective_estamos_en_el_target_noun,1
próximo,learned_adjective_noun_es_el_target_noun_prep_phrase,1
próximo,learned_adjective_tengo_que_inf_el_target_noun,1
próximo,learned_adjective_voy_al_target_noun_de_adj,1
público,learned_adjective_el_noun_adj_es_target,1
público,learned_adjective_el_noun_es_para_el_target,1
público,learned_adjective_el_noun_est_adj_de_target,1
público,learned_adjective_el_noun_tiene_mucho_target,1
público,learned_adjective_el_noun_tiene_target,1
público,learned_adjective_el_noun_verb_al_target_a_la_noun,1
público,learned_adjective_hay_un_noun_en_el_target,1
público,learned_adjective_la_noun_es_para_todo_el_target,1
queda,learned_verb_a_las_cinco_target_inf_el_noun,1
queda,learned_verb_a_las_cinco_target_inf_la_noun,1
queda,learned_verb_a_las_cuatro_target_inf_el_noun,1
queda,learned_verb_a_las_cuatro_target_inf_la_noun,1
queda,learned_verb_a_las_diez_target_inf_noun,1
queda,learned_verb_a_las_dos_target_inf_la_noun,1
queda,learned_verb_a_las_dos_target_inf_noun,1
queda,learned_verb_a_las_nueve_target_inf_la_noun,1
queda,learned_verb_a_las_nueve_target_inf_prep_phrase,1
queda,learned_verb_a_las_ocho_target_inf_un_noun,1
queda,learned_verb_a_las_ocho_target_la_noun_prep_phrase,1
queda,learned_verb_a_las_once_target_inf,1
queda,learned_verb_a_las_seis_target_inf_la_noun,1
queda,learned_verb_a_las_seis_target_inf_los_noun,1
queda,learned_verb_a_las_siete_target_inf,1
queda,learned_verb_a_las_siete_target_inf_noun,1
queda,learned_verb_a_las_tres_target_inf_adj,1
queda,learned_verb_a_las_tres_target_inf_con_los_noun,1
queda,learned_verb_a_las_una_target_inf,1
queda,learned_verb_noun_a_las_diez_target_inf,1
querida,learned_adjective_ella_es_adv_target_aqu,1
querida,learned_adjective_ella_es_una_target_noun,1
querida,learned_adjective_esta_es_mi_target_noun,1
querida,learned_adjective_la_target_noun_est_prep_phrase,1
querida,learned_adjective_mi_target_noun_verb_hoy,1
querida,learned_adjective_target_mar_a_te_verb,1
querida,learned_adjective_target_noun_por_todo,1
querida,learned_adjective_target_noun_te_adj,1
querida,learned_adjective_target_noun_te_noun,1
querida,learned_adjective_target_noun_verb_una_noun,1
querido,learned_verb_noun_al_target,1
querido,learned_verb_sonr_e_al_target,1
querido,learned_verb_target_noun,1
querido,learned_verb_verb_adj_al_target,1
querido,learned_verb_verb_en_el_target,1
querido,learned_verb_verb_la_noun_con_el_target,1
querido,learned_verb_verb_noun_al_target,1
querido,learned_verb_verb_noun_con_el_target,1
querido,learned_verb_verb_noun_del_target,1
querido,learned_verb_verb_para_el_target,1
querido,learned_verb_verb_prep_phrase_del_target,1
querido,learned_verb_verb_una_noun_al_target,1
quienes,learned_function_esos_verb_target_verb_el_noun,1
quienes,learned_function_target_sonr_en_verb_adj,1
quienes,learned_function_target_verb_a_otros_verb_adj,1
quienes,learned_function_target_verb_adj_tienen_noun,1
quienes,learned_function_target_verb_adj_verb,1
quienes,learned_function_target_verb_adv_se_despiertan_adj,1
quienes,learned_function_target_verb_adv_verb,1
quienes,learned_function_target_verb_adv_verb_adj,1
quienes,learned_function_target_verb_mucho_suelen_inf,1
quienes,learned_function_target_verb_mucho_verb_adv,1
quienes,learned_function_target_verb_noun,1
quienes,learned_function_target_verb_noun_adj,1
quienes,learned_function_target_verb_saludablemente_est_n_adj,1
quienes,learned_function_verb_target_verb_adj,1
quienes,learned_function_verb_target_verb_aqu,1
quienes,learned_function_verb_target_verb_de_all,1
quienes,learned_function_verb_target_verb_noun,1
quienes,learned_function_verb_target_verb_prep_phrase,1
quizá,learned_adverb_target_cambie_prep_phrase,1
quizá,learned_adverb_target_cene_adv,1
quizá,learned_adverb_target_comamos_pizza,1
quizá,learned_adverb_target_compre_noun,1
quizá,learned_adverb_target_duerma_adv,1
quizá,learned_adverb_target_escuche_noun,1
quizá,learned_adverb_target_estudie_un_adv,1
quizá,learned_adverb_target_juegue_prep_phrase,1
quizá,learned_adverb_target_llueva_noun,1
quizá,learned_adverb_target_me_quede_prep_phrase,1
quizá,learned_adverb_target_no_verb_prep_phrase,1
quizá,learned_adverb_target_verb_a_la_noun,1
quizá,learned_adverb_target_verb_el_noun_en_la_noun,1
quizá,learned_adverb_target_verb_noun_hoy,1
quizá,learned_adverb_target_verb_un_noun,1
quizá,learned_adverb_target_visite_a_mi_noun,1
segunda,learned_adjective_adj_a_target,1
segunda,learned_adjective_es_la_target_noun,1
segunda,learned_adjective_est_en_target,1
segunda,learned_adjective_estamos_en_target,1
segunda,learned_adjective_la_target_es_adj,1
segunda,learned_adjective_la_target_noun_es_adj,1
segunda,learned_adjective_no_saltes_a_target,1
segunda,learned_adjective_no_uses_target,1
segunda,learned_adjective_noun_de_target,1
segunda,learned_adjective_noun_en_target,1
segunda,learned_adjective_noun_target_adv,1
segunda,learned_adjective_verb_a_target_aqu,1
segunda,learned_adjective_verb_en_target,1
segunda,learned_adjective_verb_en_target_adv,1
segunda,learned_adjective_verb_target_prep_phrase,1
según,learned_function_target_mi_noun,1
semanas,learned_noun_el_noun_verb_siete_target,1
semanas,learned_noun_se_verb_en_dos_target,1
semanas,learned_noun_tengo_dos_target_prep_phrase,1
semanas,learned_noun_tiene_que_inf_dos_target,1
semanas,learned_noun_verb_adj_nueve_target,1
semanas,learned_noun_verb_all_ocho_target,1
semanas,learned_noun_verb_aqu_cuatro_target,1
semanas,learned_noun_verb_dos_target_adj,1
semanas,learned_noun_verb_durante_cinco_target,1
semanas,learned_noun_verb_en_dos_target,1
semanas,learned_noun_verb_noun_diez_target,1
semanas,learned_noun_verb_noun_seis_target,1
semanas,learned_noun_verb_tres_target_para_navidad,1
semanas,learned_noun_voy_a_espa_a_en_tres_target,1
señora,learned_noun_la_target_adj_la_noun,1
señora,learned_noun_la_target_es_adj,1
señora,learned_noun_la_target_sonr_e_adj,1
señora,learned_noun_la_target_verb_a_su_noun,1
señora,learned_noun_la_target_verb_adj,1
señora,learned_noun_la_target_verb_adv,1
señora,learned_noun_la_target_verb_mucho,1
señora,learned_noun_la_target_verb_pizza,1
señora,learned_noun_la_target_verb_un_noun,1
señora,learned_noun_la_target_verb_yoga,1
siente,learned_verb_ana_target_noun,1
siente,learned_verb_antonio_target_noun,1
siente,learned_verb_carlos_target_noun,1
siente,learned_verb_carmen_target_noun,1
siente,learned_verb_david_target_noun,1
siente,learned_verb_elena_target_noun,1
siente,learned_verb_fernando_target_noun,1
siente,learned_verb_isabel_target_noun,1
siente,learned_verb_javier_target_noun,1
siente,learned_verb_juan_target_noun,1
siente,learned_verb_laura_target_noun,1
siente,learned_verb_luis_target_noun,1
siente,learned_verb_mar_a_target_noun_prep_phrase,1
siente,learned_verb_marta_target_noun,1
siente,learned_verb_pedro_target_noun,1
siente,learned_verb_pilar_target_noun,1
siente,learned_verb_raquel_target_noun,1
siente,learned_verb_rosa_target_noun,1
siente,learned_verb_santiago_target_noun,1
siente,learned_verb_sof_a_target_noun,1
siglo,learned_noun_el_target_cinco,1
siglo,learned_noun_el_target_dieciocho_verb_adj_noun,1
siglo,learned_noun_el_target_diecis_is_verb_adj,1
siglo,learned_noun_el_target_diez_verb_noun,1
siglo,learned_noun_el_target_doce_verb_noun,1
siglo,learned_noun_el_target_noun_verb_adj,1
siglo,learned_noun_el_target_nueve_verb_adj,1
siglo,learned_noun_el_target_ocho_verb_noun,1
siglo,learned_noun_el_target_once_verb_noun,1
siglo,learned_noun_el_target_quince_verb_un_noun,1
siglo,learned_noun_el_target_seis_verb_noun,1
siglo,learned_noun_el_target_siete_verb_adj,1
siglo,learned_noun_el_target_trece_verb_adj,1
siglo,learned_noun_el_target_veinte_verb_adj,1
siglo,learned_noun_el_target_xix,1
siglo,learned_noun_este_es_el_target_xxi,1
siglo,learned_noun_nuestros_noun_verb_en_el_target_adj,1
siglo,learned_noun_verb_en_el_target_adj,1
supone,learned_verb_eso_target_mucho_noun,1
supone,learned_verb_esto_target_un_noun,1
supone,learned_verb_inf_adv_target_noun,1
supone,learned_verb_no_target_ning_n_noun,1
supone,learned_verb_target_noun_adj,1
supone,learned_verb_target_una_adj_noun,1
supone,learned_verb_target_una_noun_adj,1
supone,learned_verb_target_una_noun_prep_phrase,1
supuesto,learned_noun_el_target_adj_huy_de_la_noun,1
supuesto,learned_noun_el_target_noun_no_es_adj,1
supuesto,learned_noun_el_target_noun_no_tiene_noun,1
supuesto,learned_noun_el_target_noun_no_verb_en_el_noun,1
supuesto,learned_noun_el_target_noun_no_verb_nada,1
supuesto,learned_noun_el_target_noun_se_verb,1
supuesto,learned_noun_el_target_noun_verb,1
supuesto,learned_noun_el_target_noun_verb_noun,1
supuesto,learned_noun_es_el_target_chef_de_la_noun,1
supuesto,learned_noun_es_un_target_noun_no_un_adj,1
supuesto,learned_noun_no_es_el_target_noun,1
supuesto,learned_noun_no_es_el_target_noun_que_verb,1
tanto,learned_adverb_ella_verb_target,1
tanto,learned_adverb_ellos_verb_target_noun,1
tanto,learned_adverb_hay_target_noun_aqu,1
tanto,learned_adverb_hay_target_noun_verb,1
tanto,learned_adverb_l_verb_target_noun,1
tanto,learned_adverb_no_hay_target_noun,1
tanto,learned_adverb_no_quiero_target_noun,1
tanto,learned_adverb_no_tengo_target_noun,1
tanto,learned_adverb_no_verb_target,1
tanto,learned_adverb_quiero_target_inf,1
tanto,learned_adverb_verb_target_prep_phrase,1
tanto,learned_adverb_verb_target_que_inf,1
tenido,learned_verb_ella_verb_target_que_inf,1
tenido,learned_verb_ella_verb_target_un_noun,1
tenido,learned_verb_ellos_no_verb_target_nada,1
tenido,learned_verb_ellos_verb_target_noun,1
tenido,learned_verb_l_verb_target_que_inf,1
tenido,learned_verb_no_verb_target_noun,1
tenido,learned_verb_nosotras_verb_target_que_inf,1
tenido,learned_verb_nosotras_verb_target_que_verb,1
tenido,learned_verb_nosotros_no_verb_target_noun,1
tenido,learned_verb_nosotros_verb_target_que_inf,1
tenido,learned_verb_t_verb_target_noun,1
tenido,learned_verb_t_verb_target_que_inf,1
tenido,learned_verb_tengo_que_inf_target_noun,1
tenido,learned_verb_ustedes_verb_target_que_inf,1
tenido,learned_verb_verb_target_noun,1
tenido,learned_verb_verb_target_que_inf,1
tenido,learned_verb_verb_target_su_noun,1
tenido,learned_verb_yo_no_verb_target_noun,1
tenido,learned_verb_yo_verb_target_que_verb,1
tenido,learned_verb_yo_verb_target_una_noun,1
tipos,learned_noun_esa_es_una_noun_de_target,1
tipos,learned_noun_esos_verb_target_prep_phrase,1
tipos,learned_noun_estos_verb_target_prep_phrase,1
tipos,learned_noun_hay_varios_target_prep_phrase,1
tipos,learned_noun_verb_adj_target_prep_phrase,1
tipos,learned_noun_verb_target_prep_phrase_adj,1
tipos,learned_noun_verb_target_prep_phrase_prep_phrase,1
total,learned_adjective_el_target_de_la_noun_es_treinta_noun,1
total,learned_adjective_el_target_de_las_noun_es_cuarenta,1
total,learned_adjective_el_target_de_los_noun_es_doce,1
total,learned_adjective_el_target_de_los_noun_es_doscientos,1
total,learned_adjective_el_target_es_cien,1
total,learned_adjective_ella_est_target,1
total,learned_adjective_est_n_target_adj,1
total,learned_adjective_est_target_prep_phrase,1
total,learned_adjective_estamos_target_adj,1
total,learned_adjective_estoy_target_adj,1
total,learned_adjective_hay_un_target_de_cinco_noun,1
total,learned_adjective_verb_target_noun,1
trabajando,learned_verb_carlos_est_target_en_la_noun,1
trabajando,learned_verb_estoy_target_prep_phrase,1
trabajando,learned_verb_juan_est_target_en_su_noun,1
trabajando,learned_verb_target_adj_cada_noun,1
trabajando,learned_verb_target_bajo_noun,1
trabajando,learned_verb_target_en_un_noun,1
trabajando,learned_verb_target_prep_phrase_es_adj,1
tratando,learned_verb_estoy_target_mi_noun,1
través,learned_noun_el_noun_fluye_a_target,1
través,learned_noun_la_noun_verb_a_target,1
través,learned_noun_noun_a_la_noun_a_target,1
través,learned_noun_verb_a_target_de_la_noun,1
través,learned_noun_verb_a_target_prep_phrase,1
través,learned_noun_verb_la_noun_a_target,1
unidos,learned_adjective_estamos_target,1
unidos,learned_adjective_los_noun_verb_target,1
unidos,learned_adjective_target_contra_el_adv,1
unidos,learned_adjective_target_para_inf,1
unidos,learned_adjective_target_por_el_noun,1
unidos,learned_adjective_todos_estamos_target,1
unidos,learned_adjective_verb_target,1
venido,learned_verb_ana_verb_target_con_su_noun,1
venido,learned_verb_carlos_verb_target_adv_a_la_noun,1
venido,learned_verb_el_noun_verb_target_adv,1
venido,learned_verb_el_noun_verb_target_esta_noun,1
venido,learned_verb_ella_verb_target_adj_prep_phrase,1
venido,learned_verb_juan_verb_target_prep_phrase,1
venido,learned_verb_la_noun_verb_target_de_espa_a,1
venido,learned_verb_luis_verb_target_desde_madrid,1
venido,learned_verb_mar_a_no_verb_target_hoy,1
venido,learned_verb_no_verb_target_a_la_noun,1
venido,learned_verb_no_verb_target_prep_phrase_para_la_noun,1
venido,learned_verb_pedro_me_verb_que_verb_target,1
venido,learned_verb_target_de_la_noun_nos_ba_amos,1
venido,learned_verb_target_de_la_noun_verb_noun,1
venido,learned_verb_target_prep_phrase_verb_prep_phrase,1
venido,learned_verb_verb_target_a_verb,1
venido,learned_verb_verb_target_muchos_noun_a_la_noun,1
venido,learned_verb_verb_target_prep_phrase_a_la_noun,1
venido,learned_verb_yo_no_verb_target_a_la_noun,1
viste,learned_verb_target_a_ana_en_la_noun,1
viste,learned_verb_target_a_beatriz_en_la_noun,1
viste,learned_verb_target_a_carlos_en_la_noun,1
viste,learned_verb_target_a_carmen_en_el_noun,1
viste,learned_verb_target_a_david_en_la_noun,1
viste,learned_verb_target_a_elena_en_la_noun,1
viste,learned_verb_target_a_francisco_en_el_noun,1
viste,learned_verb_target_a_isabel_en_la_iglesia,1
viste,learned_verb_target_a_jorge_en_la_noun,1
viste,learned_verb_target_a_juan_en_la_noun,1
viste,learned_verb_target_a_laura_en_el_noun,1
viste,learned_verb_target_a_luc_a_en_el_noun,1
viste,learned_verb_target_a_luis_en_el_noun,1
viste,learned_verb_target_a_mar_a_en_el_noun,1
viste,learned_verb_target_a_mario_en_el_noun,1
viste,learned_verb_target_a_marta_prep_phrase,1
viste,learned_verb_target_a_pedro_en_el_noun,1
viste,learned_verb_target_a_ra_l_en_el_noun,1
viste,learned_verb_target_a_roberto_en_el_noun,1
viste,learned_verb_target_a_sof_a_en_la_noun,1
vosotros,learned_function_target_bail_is_noun,1
vosotros,learned_function_target_cant_is_adv,1
vosotros,learned_function_target_corr_is_adj,1
vosotros,learned_function_target_escuch_is_noun,1
vosotros,learned_function_target_estudiais,1
vosotros,learned_function_target_jug_is_noun,1
vosotros,learned_function_target_nad_is_en_el_noun,1
vosotros,learned_function_target_pint_is_noun,1
vosotros,learned_function_target_verb_adj,1
vosotros,learned_function_target_verb_aqu,1
vosotros,learned_function_target_verb_en_madrid,1
vosotros,learned_function_target_verb_mucho,1
vosotros,learned_function_target_verb_tv,1
vosotros,learned_function_target_vol_is_adj,1
ésta,learned_function_quiero_target,1
ésta,learned_function_target_es_adv_adj,1
ésta,learned_function_target_me_verb,1
ésta,learned_function_target_no_sirve,1
ésta,learned_function_verb_target,1
éste,learned_function_es_target,1
éste,learned_function_quiero_target,1
éste,learned_function_target_es_m_o,1
éste,learned_function_target_es_mi_noun,1
éste,learned_function_target_es_noun,1
éste,learned_function_target_es_suyo,1
éste,learned_function_target_es_tuyo,1
última,learned_adjective_es_la_target_adj_prep_phrase,1
última,learned_adjective_es_la_target_noun_de_la_noun,1
última,learned_adjective_es_la_target_noun_para_inf,1
última,learned_adjective_es_la_target_noun_que_te_lo_verb,1
última,learned_adjective_esta_es_la_target_noun_de_hoy,1
último,learned_adjective_el_target_noun_es_adv_adj,1
último,learned_adjective_es_mi_target_noun_en_la_noun,1
último,learned_adjective_este_es_el_target_noun_que_verb,1
últimos,learned_adjective_est_n_en_los_target_noun_de_la_noun,1
últimos,learned_adjective_estos_verb_los_target_noun_adj,1
últimos,learned_adjective_los_target_noun_verb_adv_adj,1
últimos,learned_adjective_los_target_noun_verb_los_adj,1
últimos,learned_adjective_verb_en_los_target_adj,1
única,learned_adjective_es_una_target_noun,1
única,learned_adjective_hay_una_target_noun,1
única,learned_adjective_no_hay_adv_de_una_target,1
única,learned_adjective_tengo_una_target_noun,1
