lemma,rank,pos,sentence,source_method,template_id,score,canonical_lemma,target_morph,grammatical_ok,natural_ok,learner_clear_ok,notes
de,1,prep,,no_candidate_found,no_candidate_found,0.0,de,,0,0,0,manual review needed
que,2,pron,,no_candidate_found,no_candidate_found,0.0,que,,0,0,0,manual review needed
la,3,pron,Yo la veo.,template_generated,pron_object_see,8.229370787471202,la,,1,1,1,pron_object_see
no,4,,No voy hoy.,template_generated,adv_negation_go,8.29925199076537,no,Polarity=Neg,1,1,1,adv_negation_go
a,5,none,Voy a casa.,template_generated,prep_to_home,8.750489064309708,a,,1,1,1,prep_to_home
el,6,art,El amigo está bien.,template_generated,det_anchor_clear,10.64545475886879,el,Definite=Def|Gender=Masc|Number=Sing|PronType=Art,1,1,1,det_anchor_clear
y,7,conj,Ella va y él va.,template_generated,conj_and_clauses,8.678383748643567,y,,1,1,1,conj_and_clauses
en,8,prep,Ella está en casa.,template_generated,prep_in_home,9.50272063549803,en,,1,1,1,prep_in_home
es,9,v,Ella es buena.,seeded_template,seeded_special_ser_adj,8.017620616764356,ser,Mood=Ind|Number=Sing|Person=3|Tense=Pres|VerbForm=Fin,1,1,1,seeded_special_ser_adj
un,10,num,Tengo un libro.,template_generated,num_indefinite_object,10.131933851933612,uno,,1,1,1,num_indefinite_object
lo,11,pron,No quiero saber lo que hiciste.,retrieved_corpus,retrieved,15.218714544346783,él,Case=Acc|Gender=Masc|Number=Sing|Person=3,1,1,1,
por,12,prep,Es por eso.,template_generated,prep_because_of_that,8.368359423335852,por,,1,1,1,prep_because_of_that
los,13,art,Los amigos están bien.,template_generated,det_anchor_clear,10.127755852992722,el,Definite=Def|Gender=Masc|Number=Plur|PronType=Art,1,1,1,det_anchor_clear
una,14,determiner,Una casa está bien.,template_generated,det_anchor_clear,9.463510675613815,uno,Gender=Fem|Number=Sing,1,1,1,det_anchor_clear
se,15,pron,Ella se llama.,template_generated,pron_clitic_call,8.703030172919258,se,Gender=Masc|Number=Sing,1,1,1,pron_clitic_call
con,16,prep,Ella quiere salir con él.,retrieved_corpus,retrieved,12.977834453444611,con,,1,1,1,
qué,17,pron,¿qué queréis hacer?,retrieved_corpus,retrieved,14.514268517288496,qué,Number=Sing,1,1,1,
me,18,pron,Ella me llama.,template_generated,pron_clitic_call,8.382977151835844,yo,,1,1,1,pron_clitic_call
para,19,prep,No quiero a nadie para este trabajo.,retrieved_corpus,retrieved,10.977516700415595,para,,1,1,1,
las,20,pron,,no_candidate_found,no_candidate_found,0.0,las,,0,0,0,manual review needed
del,21,contraction,,no_candidate_found,no_candidate_found,0.0,del,,0,0,0,manual review needed
te,22,pron,¿quieres que te diga por qué?,retrieved_corpus,retrieved,13.006683375553132,tú,,1,1,1,
su,23,determiner,Me gusta su forma de ser.,retrieved_corpus,retrieved,13.63697639461043,su,Number=Sing,1,1,1,
pero,24,conj,Quiero ir pero no puedo.,template_generated,conj_but_cant,8.937328782447278,pero,,1,1,1,conj_but_cant
si,25,conj,No sé si quiero hacer esto.,retrieved_corpus,retrieved,13.57254858269452,si,PronType=Rel,1,1,1,
está,26,v,Ella está en casa.,seeded_template,seeded_special_estar_place,8.702720635498029,estar,Mood=Ind|Number=Sing|Person=3|Tense=Pres|VerbForm=Fin,1,1,1,seeded_special_estar_place
mi,27,determiner,Mi amigo está bien.,template_generated,det_anchor_clear,10.770221703358814,mi,Number=Sing,1,1,1,det_anchor_clear
al,28,contraction,,no_candidate_found,no_candidate_found,0.0,al,,0,0,0,manual review needed
sí,29,pron,Lo hace por sí mismo.,template_generated,pron_reflexive_for_self,9.221685989924438,sí,,1,1,1,pron_reflexive_for_self
como,30,conj,,no_candidate_found,no_candidate_found,0.0,como,,0,0,0,manual review needed
bien,31,adv,Todo saldrá bien hoy.,retrieved_corpus,retrieved,12.048933813248304,bien,,1,1,1,
más,32,adv,¿a dónde más te gustaría ir?,retrieved_corpus,retrieved,11.921546269709903,más,,1,1,1,
eso,33,pron,Eso es para ti.,template_generated,pron_neuter_for_you,13.58436191387262,eso,,1,1,1,pron_neuter_for_you
yo,34,pron,Yo estoy aquí.,template_generated,pron_subject_here,12.147000987188644,yo,Case=Nom|Number=Sing|Person=1,1,1,1,pron_subject_here
le,35,pron,Le digo la verdad.,template_generated,pron_io_tell,10.02042385961855,él,Case=Dat|Number=Sing|Person=3,1,1,1,pron_io_tell
aquí,36,adv,¿no sientes nada aquí?,retrieved_corpus,retrieved,12.655584755823721,aquí,,1,1,1,
tu,37,determiner,Tu amigo está bien.,template_generated,det_anchor_clear,9.814920565244924,tu,,1,1,1,det_anchor_clear
todo,38,determiner,Todo está bien.,template_generated,det_total_pronoun,12.087927608365682,todo,Gender=Masc|Number=Sing,1,1,1,det_total_pronoun
ha,39,v,Ha hecho eso.,seeded_template,verb_exact_ha_do_that,6.456870276508533,haber,Mood=Ind|Number=Sing|Person=3|Tense=Pres|VerbForm=Fin,1,1,1,verb_exact_ha_do_that
ya,40,adv,Ya no hay nada que hacer.,retrieved_corpus,retrieved,15.706464317625308,ya,,1,1,1,
o,41,conj,Voy hoy o mañana.,template_generated,conj_or_time,6.461804407204605,o,,1,1,1,conj_or_time
esto,42,pron,Esto es para ti.,template_generated,pron_neuter_for_you,13.944439012774696,esto,,1,1,1,pron_neuter_for_you
muy,43,adv,Está muy bien.,template_generated,adv_very_good,10.275798173380611,mucho,,1,1,1,adv_very_good
esta,44,determiner,Esta casa está bien.,template_generated,det_anchor_clear,9.649336901560238,este,Gender=Fem|Number=Sing,1,1,1,det_anchor_clear
ahora,45,adv,Ahora me tengo que ir a casa.,retrieved_corpus,retrieved,14.719361658549925,ahora,,1,1,1,
así,46,adv,No quiero que sea así.,retrieved_corpus,retrieved,15.699992016429619,así,,1,1,1,
cuando,47,conj,,no_candidate_found,no_candidate_found,0.0,cuando,,0,0,0,manual review needed
hay,48,v,Hay un día.,seeded_template,seeded_special_haber_existential,8.42683531204287,haber,Mood=Ind|Number=Sing|Person=3|Tense=Pres|VerbForm=Fin,1,1,1,seeded_special_haber_existential
este,49,determiner,Este trabajo está bien.,template_generated,det_anchor_clear,9.24952230234908,este,Gender=Masc|Number=Sing,1,1,1,det_anchor_clear
algo,50,pron,Tienes algo que es mío.,retrieved_corpus,retrieved,15.00366882766971,algo,Number=Sing,1,1,1,
estoy,51,v,¿hay alguien ahí? ¿dónde estoy?,retrieved_corpus,retrieved,9.330199946270723,estar,Mood=Ind|Number=Sing|Person=1|Tense=Pres|VerbForm=Fin,1,1,1,
vamos,52,v,Nosotros vamos a casa.,seeded_template,seeded_special_ir_place,8.31695630924364,ir,Mood=Ind|Number=Plur|Person=1|Tense=Pres|VerbForm=Fin,1,1,1,seeded_special_ir_place
él,53,pron,Él está aquí.,template_generated,pron_subject_here,13.758960632024804,él,,1,1,1,pron_subject_here
ser,54,v,Ella es buena.,seeded_template,seeded_special_ser_adj,9.517620616764356,ser,Mood=Ind|Number=Sing|Person=3|Tense=Pres|VerbForm=Fin,1,1,1,seeded_special_ser_adj
bueno,55,adj,Creo que es muy bueno.,retrieved_corpus,retrieved,12.680317463846073,bueno,Gender=Masc|Number=Sing,1,1,1,
nos,56,pron,Ellos nos llaman.,template_generated,pron_clitic_call,7.230958619654023,nos,,1,1,1,pron_clitic_call
sus,57,determiner,Sus amigos están bien.,template_generated,det_anchor_clear,9.325545819985312,sus,,1,1,1,det_anchor_clear
fue,58,v,Ella fue buena.,seeded_template,seeded_special_ser_adj,9.825654750802414,ser,Mood=Ind|Number=Sing|Person=3|Tense=Past|VerbForm=Fin,1,1,1,seeded_special_ser_adj
tengo,59,v,Yo tengo una casa.,seeded_template,seeded_special_tener_obj,9.308761320758578,tener,Mood=Ind|Number=Sing|Person=1|Tense=Pres|VerbForm=Fin,1,1,1,seeded_special_tener_obj
era,60,v,Ella era buena.,seeded_template,seeded_special_ser_adj,9.462093495045314,ser,Mood=Ind|Number=Sing|Person=3|Tense=Imp|VerbForm=Fin,1,1,1,seeded_special_ser_adj
nada,61,pron,A ella ustedes no le deben nada.,retrieved_corpus,retrieved,15.72584287511051,nada,Number=Sing,1,1,1,
tiene,62,v,Ella tiene una casa.,seeded_template,seeded_special_tener_obj,10.088334094639581,tener,Mood=Ind|Number=Sing|Person=3|Tense=Pres|VerbForm=Fin,1,1,1,seeded_special_tener_obj
sé,63,v,Sé que no lo harás.,retrieved_corpus,retrieved,11.997757317435584,saber,Mood=Ind|Number=Sing|Person=1|Tense=Pres|VerbForm=Fin,1,1,1,
tú,64,pron,Tú estás aquí.,template_generated,pron_subject_here,12.156645738787041,tú,,1,1,1,pron_subject_here
cómo,65,adv,Cómo está él.,template_generated,adv_how_be,8.081089740595328,cómo,,1,1,1,adv_how_be
vez,66,n,Es mi vez.,seeded_template,noun_exact_turn,4.056925782835265,vez,Gender=Fem|Number=Sing,1,1,1,noun_exact_turn
estás,67,v,Tú estás en casa.,seeded_template,seeded_special_estar_place,8.277479224949147,estar,Mood=Ind|Number=Sing|Person=2|Tense=Pres|VerbForm=Fin,1,1,1,seeded_special_estar_place
sólo,68,adv,Sólo voy a casa.,template_generated,adv_only_go_home,8.535689691784192,sólo,,1,1,1,adv_only_go_home
ella,69,pron,Ella está aquí.,template_generated,pron_subject_here,13.569951575668682,ella,,1,1,1,pron_subject_here
son,70,v,,no_candidate_found,no_candidate_found,0.0,ser,,0,0,0,manual review needed
hacer,71,v,No ha hecho nada de nada.,retrieved_corpus,retrieved,14.190063391092814,hacer,Gender=Masc|Number=Sing|Tense=Past|VerbForm=Part,1,1,1,
he,72,v,Lo he dicho todo.,retrieved_corpus,retrieved,10.759072831939836,haber,Mood=Ind|Number=Sing|Person=1|Tense=Pres|VerbForm=Fin,1,1,1,
porque,73,conj,Me voy porque es tarde.,template_generated,conj_because_home,10.213674293053176,porque,,1,1,1,conj_because_home
todos,74,determiner,Todos están aquí.,template_generated,det_total_plural_pron,11.625671875715154,todo,Gender=Masc|Number=Plur,1,1,1,det_total_plural_pron
puedo,75,v,Yo puedo ir a casa.,seeded_template,seeded_special_poder_ir_place,9.679415507021211,poder,Mood=Ind|Number=Sing|Person=1|Tense=Pres|VerbForm=Fin,1,1,1,seeded_special_poder_ir_place
quiero,76,v,Quiero hablar con ellos ahora.,retrieved_corpus,retrieved,13.197817527582217,querer,Mood=Ind|Number=Sing|Person=1|Tense=Pres|VerbForm=Fin,1,1,1,
gracias,77,n,Ella dice gracias.,seeded_template,noun_exact_say_thanks,5.498018997453907,gracias,Gender=Masc|Number=Sing,1,1,1,noun_exact_say_thanks
puede,78,v,Ella puede ir a casa.,seeded_template,seeded_special_poder_ir_place,9.788652273214792,poder,Mood=Ind|Number=Sing|Person=3|Tense=Pres|VerbForm=Fin,1,1,1,seeded_special_poder_ir_place
dos,79,num,Hace dos años que no la veo.,retrieved_corpus,retrieved,14.441823438558304,dos,,1,1,1,
sin,80,prep,Voy sin él.,template_generated,prep_without_him,9.998456023340172,sin,,1,1,1,prep_without_him
soy,81,v,Yo soy un hombre de la casa.,stochastic_decoder,stochastic,8.021708212567079,ser,Mood=Ind|Number=Sing|Person=1|Tense=Pres|VerbForm=Fin,1,1,1,stochastic
sobre,82,prep,El libro está sobre la mesa.,template_generated,prep_on_table,7.061383977951525,sobre,,1,1,1,prep_on_table
ese,83,determiner,Ese trabajo está bien.,template_generated,det_anchor_clear,10.152318869969003,ese,Gender=Masc|Number=Sing,1,1,1,det_anchor_clear
estaba,84,v,Ella estaba en casa.,seeded_template,seeded_special_estar_place,9.644050958439843,estar,Mood=Ind|Number=Sing|Person=3|Tense=Imp|VerbForm=Fin,1,1,1,seeded_special_estar_place
también,85,adv,Yo también estoy bien.,retrieved_corpus,retrieved,15.879233654816396,también,,1,1,1,
tiempo,86,n,No tuve tiempo.,retrieved_corpus,retrieved,14.260089393263636,tiempo,Gender=Masc|Number=Sing,1,1,1,
tan,87,adv,Es tan bueno.,template_generated,adv_so_good,8.035286045269537,tan,,1,1,1,adv_so_good
entonces,88,adv,Entonces voy a casa.,template_generated,adv_then_go_home,8.368905744895986,entonces,,1,1,1,adv_then_go_home
creo,89,v,Yo creo eso.,seeded_template,seeded_special_creer_object,9.934711924230657,creer,Mood=Ind|Number=Sing|Person=1|Tense=Pres|VerbForm=Fin,1,1,1,seeded_special_creer_object
tienes,90,v,Tú tienes una casa.,seeded_template,seeded_special_tener_obj,8.129859511264705,tener,Mood=Ind|Number=Sing|Person=2|Tense=Pres|VerbForm=Fin,1,1,1,seeded_special_tener_obj
casa,91,n,¿ella está en casa?,retrieved_corpus,retrieved,15.202720635498029,casa,Gender=Fem|Number=Sing,1,1,1,
usted,92,pron,Usted no debería haberlo dicho.,retrieved_corpus,retrieved,16.901526777552323,usted,Case=Nom|Number=Sing|Person=2,1,1,1,
esa,93,determiner,Esa casa está bien.,template_generated,det_anchor_clear,11.464330646765175,ese,Gender=Fem|Number=Sing,1,1,1,det_anchor_clear
voy,94,v,Voy a hacer esto yo misma.,retrieved_corpus,retrieved,11.188050363606202,ir,Mood=Ind|Number=Sing|Person=1|Tense=Pres|VerbForm=Fin,1,1,1,
sabes,95,v,Ella sabe que tú sabes.,retrieved_corpus,retrieved,12.011790840463044,saber,Mood=Ind|Number=Sing|Person=2|Tense=Pres|VerbForm=Fin,1,1,1,
eres,96,v,,no_candidate_found,no_candidate_found,0.0,ser,,0,0,0,manual review needed
verdad,97,n,Mi madre ha dicho la verdad.,retrieved_corpus,retrieved,12.754808769314884,verdad,Gender=Fem|Number=Sing,1,1,1,
hasta,98,prep,,no_candidate_found,no_candidate_found,0.0,hasta,,0,0,0,manual review needed
solo,99,adj,¿a dónde vas cuando quieres estar solo?,retrieved_corpus,retrieved,10.959700881700519,solo,Gender=Masc|Number=Sing,1,1,1,
nunca,100,adv,Nunca he dicho esto a nadie.,retrieved_corpus,retrieved,12.188464840189543,nunca,,1,1,1,
años,101,n,Ella tiene tres años más que yo.,retrieved_corpus,retrieved,12.616370083095134,año,Gender=Masc|Number=Plur,1,1,1,
hace,102,v,Ella hace eso solo.,stochastic_decoder,stochastic,8.382674283533571,hacer,Mood=Ind|Number=Sing|Person=3|Tense=Pres|VerbForm=Fin,1,1,1,stochastic
va,103,v,Ella va a estar solo.,stochastic_decoder,stochastic,9.524775885953009,ir,Mood=Ind|Number=Sing|Person=3|Tense=Pres|VerbForm=Fin,1,1,1,stochastic
hola,104,interj,,no_candidate_found,no_candidate_found,0.0,hola,,0,0,0,manual review needed
mucho,105,determiner,Él me debe mucho dinero.,retrieved_corpus,retrieved,16.403722537848836,mucho,Gender=Masc|Number=Sing,1,1,1,
quién,106,pron,¿quién no está de acuerdo?,retrieved_corpus,retrieved,16.108680325484045,quién,Number=Sing,1,1,1,
mejor,107,adj,Sabíamos que éramos mejores que eso.,retrieved_corpus,retrieved,11.746820922008494,mejor,Number=Plur,1,1,1,
vida,108,n,La vida es buena.,retrieved_corpus,retrieved,14.743109602500988,vida,Gender=Fem|Number=Sing,1,1,1,
decir,109,v,Quiero decir eso.,seeded_template,verb_exact_decir_that,9.73395933310862,decir,VerbForm=Inf,1,1,1,verb_exact_decir_that
mí,110,pron,Es para mí.,template_generated,pron_prepositional_for,10.512349854877966,mí,,1,1,1,pron_prepositional_for
dónde,111,adv,,no_candidate_found,no_candidate_found,0.0,dónde,,0,0,0,manual review needed
ni,112,conj,No tiene ni idea de nada.,retrieved_corpus,retrieved,16.898456726167403,ni,Polarity=Neg,1,1,1,
están,113,v,Ellos están en casa.,seeded_template,seeded_special_estar_place,10.183059505988604,estar,Mood=Ind|Number=Plur|Person=3|Tense=Pres|VerbForm=Fin,1,1,1,seeded_special_estar_place
favor,114,n,Te hago un favor.,retrieved_corpus,retrieved,13.491270401874607,favor,Gender=Masc|Number=Sing,1,1,1,
señor,115,n,El señor es uno de los años.,stochastic_decoder,stochastic,8.998037709740883,señor,Gender=Masc|Number=Sing,1,1,1,stochastic
hombre,116,n,El hombre es nuevo.,template_generated,n_a1_1,9.17041011273725,hombre,Gender=Masc|Number=Sing,1,1,1,n_a1_1
oh,117,interj,,no_candidate_found,no_candidate_found,0.0,oh,,0,0,0,manual review needed
siempre,118,adv,Siempre está aquí.,template_generated,adv_always_here,9.794685927710109,siempre,,1,1,1,adv_always_here
ver,119,v,¿la quieres ver ahora?,retrieved_corpus,retrieved,12.916947595897113,ver,VerbForm=Inf,1,1,1,
uno,120,num,,no_candidate_found,no_candidate_found,0.0,uno,,0,0,0,manual review needed
quieres,121,v,Tú quieres una casa.,seeded_template,seeded_special_querer_obj,9.552064630307736,querer,Mood=Ind|Number=Sing|Person=2|Tense=Pres|VerbForm=Fin,1,1,1,seeded_special_querer_obj
siento,122,v,,no_candidate_found,no_candidate_found,0.0,sentir,,0,0,0,manual review needed
había,123,v,,no_candidate_found,no_candidate_found,0.0,haber,,0,0,0,manual review needed
dios,124,prop,Dios sabe que estoy diciendo la verdad.,retrieved_corpus,retrieved,14.024706424463375,dios,Gender=Masc|Number=Sing,1,1,1,
has,125,v,¿has visto a este hombre?,retrieved_corpus,retrieved,11.264084508467942,haber,Mood=Ind|Number=Sing|Person=2|Tense=Pres|VerbForm=Fin,1,1,1,
antes,126,adv,Él ha hecho esto antes.,retrieved_corpus,retrieved,14.007807483460333,antes,,1,1,1,
día,127,n,Hoy es un buen día.,retrieved_corpus,retrieved,13.878594092779055,día,Gender=Masc|Number=Sing,1,1,1,
desde,128,prep,No me ha hablado desde entonces.,retrieved_corpus,retrieved,13.293597050431377,desde,,1,1,1,
tenemos,129,v,Nosotros tenemos una casa.,seeded_template,seeded_special_tener_obj,9.070007416645101,tener,Mood=Ind|Number=Plur|Person=1|Tense=Pres|VerbForm=Fin,1,1,1,seeded_special_tener_obj
poco,130,adv,,no_candidate_found,no_candidate_found,0.0,poco,,0,0,0,manual review needed
cosas,131,n,Tenemos otras cosas que hacer.,retrieved_corpus,retrieved,12.183787825873843,cosa,Gender=Fem|Number=Plur,1,1,1,
ti,132,pron,Es para ti.,template_generated,pron_prepositional_for,13.275889986402285,tú,,1,1,1,pron_prepositional_for
otra,133,determiner,Él quiere vernos otra vez.,retrieved_corpus,retrieved,14.992597736503942,otro,Gender=Fem|Number=Sing,1,1,1,
mismo,134,adj,,no_candidate_found,no_candidate_found,0.0,mismo,,0,0,0,manual review needed
han,135,v,Han hecho eso.,seeded_template,verb_exact_han_done_that,8.976011661404609,haber,Mood=Ind|Number=Plur|Person=3|Tense=Pres|VerbForm=Fin,1,1,1,verb_exact_han_done_that
hecho,136,n,El hecho es nuevo.,template_generated,n_a1_1,8.166891083730986,hecho,Gender=Masc|Number=Sing,1,1,1,n_a1_1
alguien,137,pron,Alguien debería decir algo.,retrieved_corpus,retrieved,15.866690026448934,alguien,,1,1,1,
puedes,138,v,Tú puedes ir a casa.,seeded_template,seeded_special_poder_ir_place,9.735980435714376,poder,Mood=Ind|Number=Sing|Person=2|Tense=Pres|VerbForm=Fin,1,1,1,seeded_special_poder_ir_place
ahí,139,adv,Hay alguien ahí.,retrieved_corpus,retrieved,15.153475961909468,ahí,,1,1,1,
dijo,140,v,Ella dijo algo antes de la casa.,stochastic_decoder,stochastic,8.297138488291047,decir,Mood=Ind|Number=Sing|Person=3|Tense=Past|VerbForm=Fin,1,1,1,stochastic
estar,141,v,Ella está en casa.,seeded_template,seeded_special_estar_place,11.202720635498029,estar,Mood=Ind|Number=Sing|Person=3|Tense=Pres|VerbForm=Fin,1,1,1,seeded_special_estar_place
entre,142,prep,,no_candidate_found,no_candidate_found,0.0,entre,,0,0,0,manual review needed
noche,143,n,,no_candidate_found,no_candidate_found,0.0,noche,,0,0,0,manual review needed
trabajo,144,n,No había trabajo.,retrieved_corpus,retrieved,11.268408941268637,trabajo,Gender=Masc|Number=Sing,1,1,1,
ir,145,v,Voy a hacer esto yo misma.,retrieved_corpus,retrieved,12.188050363606202,ir,Mood=Ind|Number=Sing|Person=1|Tense=Pres|VerbForm=Fin,1,1,1,
después,146,adv,Después te diré.,retrieved_corpus,retrieved,11.027681895743623,después,,1,1,1,
mis,147,n,,no_candidate_found,no_candidate_found,0.0,mi,,0,0,0,manual review needed
sea,148,v,Quiero que sea un poco de tiempo.,stochastic_decoder,stochastic,8.681509038361732,ser,Mood=Sub|Number=Sing|Person=3|Tense=Pres|VerbForm=Fin,1,1,1,stochastic
acuerdo,149,n,No estoy de acuerdo con usted.,retrieved_corpus,retrieved,15.102530877490814,acuerdo,Gender=Masc|Number=Sing,1,1,1,
otro,150,determiner,Otro trabajo está bien.,template_generated,det_anchor_clear,10.799752187987744,otro,Gender=Masc|Number=Sing,1,1,1,det_anchor_clear
parece,151,v,Ella parece ser un poco de tiempo.,stochastic_decoder,stochastic,8.531889546024564,parecer,Mood=Ind|Number=Sing|Person=3|Tense=Pres|VerbForm=Fin,1,1,1,stochastic
donde,152,pron,Voy donde tú me digas.,retrieved_corpus,retrieved,15.150824106541124,donde,,1,1,1,
ellos,153,pron,Ellos van a casa.,template_generated,pron_subject_home,13.329005965975503,él,Case=Nom|Gender=Masc|Number=Plur|Person=3,1,1,1,pron_subject_home
estamos,154,v,Nosotros estamos en casa.,seeded_template,seeded_special_estar_place,8.857833024508048,estar,Mood=Ind|Number=Plur|Person=1|Tense=Pres|VerbForm=Fin,1,1,1,seeded_special_estar_place
mundo,155,n,El mundo está de acuerdo con usted.,stochastic_decoder,stochastic,8.950997330099467,mundo,Gender=Masc|Number=Sing,1,1,1,stochastic
gente,156,n,No le puedo hablar a la gente.,retrieved_corpus,retrieved,11.04699614870504,gente,Gender=Fem|Number=Sing,1,1,1,
nosotros,157,pron,Nosotros vamos a casa.,template_generated,pron_subject_home,12.91695630924364,nosotros,,1,1,1,pron_subject_home
padre,158,n,Ahora mis padres están en casa.,retrieved_corpus,retrieved,12.60937999879326,padre,Gender=Masc|Number=Plur,1,1,1,
estado,159,prop,Estado es el día de la casa.,stochastic_decoder,stochastic,8.161972910504474,estado,Gender=Masc|Number=Sing,1,1,1,stochastic
nadie,160,pron,Nadie dice nada.,retrieved_corpus,retrieved,17.26519036506044,nadie,Number=Sing,1,1,1,
tal,161,pron,¿qué tal está?,retrieved_corpus,retrieved,14.878922272963376,tal,,1,1,1,
les,162,pron,Les digo la verdad.,template_generated,pron_io_tell,12.532762573419618,les,,1,1,1,pron_io_tell
parte,163,n,,no_candidate_found,no_candidate_found,0.0,parte,,0,0,0,manual review needed
sido,164,v,Ella ha sido un poco de tiempo.,stochastic_decoder,stochastic,8.59093816064018,ser,Gender=Masc|Number=Sing|Tense=Past|VerbForm=Part,1,1,1,stochastic
momento,165,n,Está contigo en este momento.,retrieved_corpus,retrieved,13.058171276006455,momento,Gender=Masc|Number=Sing,1,1,1,
podría,166,v,Ella podría ir.,seeded_template,verb_exact_podria_ir,9.24322631070684,poder,Mood=Cnd|Number=Sing|Person=3|VerbForm=Fin,1,1,1,verb_exact_podria_ir
menos,167,adv,,no_candidate_found,no_candidate_found,0.0,menos,,0,0,0,manual review needed
mira,168,v,Ella mira una casa.,template_generated,v_a1_1,8.831914358250252,mirar,Mood=Ind|Number=Sing|Person=3|Tense=Pres|VerbForm=Fin,1,1,1,v_a1_1
quiere,169,v,Ella quiere una casa.,seeded_template,seeded_special_querer_obj,10.72964163219668,querer,Mood=Ind|Number=Sing|Person=3|Tense=Pres|VerbForm=Fin,1,1,1,seeded_special_querer_obj
fuera,170,adv,,no_candidate_found,no_candidate_found,0.0,fuera,,0,0,0,manual review needed
gran,171,adj,,no_candidate_found,no_candidate_found,0.0,gran,,0,0,0,manual review needed
lugar,172,n,,no_candidate_found,no_candidate_found,0.0,lugar,,0,0,0,manual review needed
hablar,173,v,Quiero hablar sobre ello.,retrieved_corpus,retrieved,13.322421660766516,hablar,VerbForm=Inf,1,1,1,
tener,174,v,Tú tienes buenos amigos.,retrieved_corpus,retrieved,9.50715644942263,tener,Mood=Ind|Number=Sing|Person=2|Tense=Pres|VerbForm=Fin,1,1,1,
tenía,175,v,Ella tenía una casa.,seeded_template,seeded_special_tener_obj,10.110156886442315,tener,Mood=Ind|Number=Sing|Person=3|Tense=Imp|VerbForm=Fin,1,1,1,seeded_special_tener_obj
tres,176,num,,no_candidate_found,no_candidate_found,0.0,tres,,0,0,0,manual review needed
nuevo,177,adj,Él es nuevo.,template_generated,adj_a1_3,9.932792713327787,nuevo,Gender=Masc|Number=Sing,1,1,1,adj_a1_3
pasa,178,v,¿cómo lo pasa usted?,retrieved_corpus,retrieved,11.441315185344985,pasar,Mood=Ind|Number=Sing|Person=3|Tense=Pres|VerbForm=Fin,1,1,1,
vas,179,v,Tú vas a casa.,seeded_template,seeded_special_ir_place,9.26772119211526,ir,Mood=Ind|Number=Sing|Person=2|Tense=Pres|VerbForm=Fin,1,1,1,seeded_special_ir_place
cada,180,determiner,Cada trabajo está bien.,template_generated,det_anchor_clear,11.132712156341098,cada,Number=Sing,1,1,1,det_anchor_clear
claro,181,adj,,no_candidate_found,no_candidate_found,0.0,claro,,0,0,0,manual review needed
dinero,182,n,Lo hicieron por dinero.,retrieved_corpus,retrieved,13.202498033359845,dinero,Gender=Masc|Number=Sing,1,1,1,
madre,183,n,¿es usted su madre?,retrieved_corpus,retrieved,12.872512765834019,madre,Gender=Fem|Number=Sing,1,1,1,
mañana,184,n,,no_candidate_found,no_candidate_found,0.0,mañana,,0,0,0,manual review needed
sr.,185,none,,no_candidate_found,no_candidate_found,0.0,sr.,,0,0,0,manual review needed
tipo,186,n,El tipo es nuevo.,template_generated,n_a1_1,9.001101339387185,tipo,Gender=Masc|Number=Sing,1,1,1,n_a1_1
hoy,187,adv,Hoy vi uno.,retrieved_corpus,retrieved,11.632276269075618,hoy,,1,1,1,
días,188,n,,no_candidate_found,no_candidate_found,0.0,día,,0,0,0,manual review needed
luego,189,adv,¿van a ir con ustedes luego?,retrieved_corpus,retrieved,13.226703680421231,luego,,1,1,1,
allí,190,adv,Ahora mismo no puedo ir allí.,retrieved_corpus,retrieved,13.824640507972504,allí,,1,1,1,
mujer,191,n,La mujer es buena.,template_generated,n_a1_1,9.154737266225435,mujer,Gender=Fem|Number=Sing,1,1,1,n_a1_1
nuestro,192,determiner,Nuestro amigo está bien.,template_generated,det_anchor_clear,11.190180217924475,nuestro,Gender=Masc|Number=Sing,1,1,1,det_anchor_clear
tanto,193,adv,,no_candidate_found,no_candidate_found,0.0,tanto,,0,0,0,manual review needed
cosa,194,n,Tenemos otras cosas que hacer.,retrieved_corpus,retrieved,13.183787825873843,cosa,Gender=Fem|Number=Plur,1,1,1,
sabe,195,v,Ella sabe la verdad.,seeded_template,seeded_special_saber_truth,9.911983883802455,saber,Mood=Ind|Number=Sing|Person=3|Tense=Pres|VerbForm=Fin,1,1,1,seeded_special_saber_truth
todas,196,determiner,Todas están aquí.,template_generated,det_total_plural_pron,10.246679813516211,todo,,1,1,1,det_total_plural_pron
haciendo,197,v,Ella está haciendo eso.,seeded_template,verb_exact_haciendo_eso,10.188401436720838,hacer,VerbForm=Ger,1,1,1,verb_exact_haciendo_eso
hijo,198,n,No tengo nada para mis hijos.,retrieved_corpus,retrieved,12.451404234826976,hijo,Gender=Masc|Number=Plur,1,1,1,
dice,199,v,Ella dice una cosa así.,stochastic_decoder,stochastic,8.635412809255463,decir,Mood=Ind|Number=Sing|Person=3|Tense=Pres|VerbForm=Fin,1,1,1,stochastic
seguro,200,adj,Ya no estoy seguro de nada.,retrieved_corpus,retrieved,14.667833532568073,seguro,Gender=Masc|Number=Sing,1,1,1,
podemos,201,v,Nosotros podemos ir a casa.,seeded_template,seeded_special_poder_ir_place,9.904182619449601,poder,Mood=Ind|Number=Plur|Person=1|Tense=Pres|VerbForm=Fin,1,1,1,seeded_special_poder_ir_place
debe,202,v,¿qué debe hacer?,retrieved_corpus,retrieved,11.884202633238473,deber,Mood=Ind|Number=Sing|Person=3|Tense=Pres|VerbForm=Fin,1,1,1,
espera,203,v,,no_candidate_found,no_candidate_found,0.0,esperar,,0,0,0,manual review needed
vale,204,v,No vale más que tú.,retrieved_corpus,retrieved,12.423198114864695,valer,Mood=Ind|Number=Sing|Person=3|Tense=Pres|VerbForm=Fin,1,1,1,
será,205,v,Ella será una cosa así.,stochastic_decoder,stochastic,8.232018121147059,ser,Mood=Ind|Number=Sing|Person=3|Tense=Fut|VerbForm=Fin,1,1,1,stochastic
estas,206,determiner,Estas casas están bien.,template_generated,det_anchor_clear,11.479963791698014,este,Gender=Fem|Number=Plur,1,1,1,det_anchor_clear
toda,207,determiner,Toda casa está bien.,template_generated,det_anchor_clear,9.217554386526942,todo,,1,1,1,det_anchor_clear
haber,208,v,Lo he dicho todo.,retrieved_corpus,retrieved,11.759072831939836,haber,Mood=Ind|Number=Sing|Person=1|Tense=Pres|VerbForm=Fin,1,1,1,
tus,209,determiner,Tus trabajos están bien.,template_generated,det_anchor_clear,11.09399483786331,tus,,1,1,1,det_anchor_clear
amigo,210,n,Me gustan tus amigos.,retrieved_corpus,retrieved,11.022042477264824,amigo,Gender=Masc|Number=Plur,1,1,1,
nuestra,211,determiner,Nuestra casa está bien.,template_generated,det_anchor_clear,11.347293470124763,nuestro,Gender=Fem|Number=Sing,1,1,1,det_anchor_clear
buena,212,adj,Es una mujer de buenas maneras.,retrieved_corpus,retrieved,11.4287567509914,buena,Gender=Fem|Number=Plur,1,1,1,
aún,213,adv,Aún no veo nada.,retrieved_corpus,retrieved,15.489813775998048,aún,,1,1,1,
quien,214,pron,No tengo un amigo con quien hablar.,retrieved_corpus,retrieved,18.301066382867184,quien,Number=Sing,1,1,1,
estos,215,determiner,Estos trabajos están bien.,template_generated,det_anchor_clear,11.143719365186348,este,Gender=Masc|Number=Plur,1,1,1,det_anchor_clear
nombre,216,n,,no_candidate_found,no_candidate_found,0.0,nombre,,0,0,0,manual review needed
tienen,217,v,Ellos tienen un amigo.,seeded_template,seeded_special_tener_obj,10.281039206423749,tener,Mood=Ind|Number=Plur|Person=3|Tense=Pres|VerbForm=Fin,1,1,1,seeded_special_tener_obj
veces,218,n,,no_candidate_found,no_candidate_found,0.0,vez,,0,0,0,manual review needed
mamá,219,n,,no_candidate_found,no_candidate_found,0.0,mamá,,0,0,0,manual review needed
mal,220,adv,Ella se siente mal hoy.,retrieved_corpus,retrieved,15.760333940843047,mal,,1,1,1,
buen,221,adj,,no_candidate_found,no_candidate_found,0.0,buen,,0,0,0,manual review needed
durante,222,prep,,no_candidate_found,no_candidate_found,0.0,durante,,0,0,0,manual review needed
papá,223,n,El papá es nuevo.,template_generated,n_a1_1,8.982039303426319,papá,Gender=Masc|Number=Sing,1,1,1,n_a1_1
quería,224,v,Ella no quería estar en casa.,retrieved_corpus,retrieved,14.32612893485447,querer,Mood=Ind|Number=Sing|Person=3|Tense=Imp|VerbForm=Fin,1,1,1,
dije,225,v,Yo dije eso.,seeded_template,verb_exact_dije_eso,9.281330917328132,decir,Mood=Ind|Number=Sing|Person=1|Tense=Past|VerbForm=Fin,1,1,1,verb_exact_dije_eso
unos,226,determiner,Unos amigos están bien.,template_generated,det_anchor_clear,11.523143362163525,uno,Gender=Masc|Number=Plur,1,1,1,det_anchor_clear
pasado,227,n,,no_candidate_found,no_candidate_found,0.0,pasado,,0,0,0,manual review needed
forma,228,n,Estás en mejor forma que yo.,retrieved_corpus,retrieved,12.167605358739529,forma,Gender=Fem|Number=Sing,1,1,1,
gusta,229,v,No me gusta lo que habéis hecho.,retrieved_corpus,retrieved,14.295989587288181,gustar,Mood=Ind|Number=Sing|Person=3|Tense=Pres|VerbForm=Fin,1,1,1,
hizo,230,v,Ella hizo el trabajo en una casa.,stochastic_decoder,stochastic,8.370973792194542,hacer,Mood=Ind|Number=Sing|Person=3|Tense=Past|VerbForm=Fin,1,1,1,stochastic
caso,231,n,No hice caso a nadie.,retrieved_corpus,retrieved,11.500177888405469,caso,Gender=Masc|Number=Sing,1,1,1,
contra,232,prep,No tengo nada contra él.,template_generated,prep_against,11.746020062610498,contra,Gender=Fem|Number=Sing,1,1,1,prep_against
tarde,233,adv,Aún no es tarde.,retrieved_corpus,retrieved,15.341426307052174,tarde,,1,1,1,
necesito,234,v,No necesito ser más claro.,retrieved_corpus,retrieved,11.798804466610145,necesitar,Mood=Ind|Number=Sing|Person=1|Tense=Pres|VerbForm=Fin,1,1,1,
oye,235,v,Oye mucho y habla poco.,retrieved_corpus,retrieved,11.810030842912028,oír,Mood=Imp|Number=Sing|Person=2|VerbForm=Fin,1,1,1,
alguna,236,determiner,Alguna casa está bien.,template_generated,det_anchor_clear,8.80951022082163,alguno,Gender=Fem|Number=Sing,1,1,1,det_anchor_clear
hemos,237,v,Hemos hecho eso.,seeded_template,verb_exact_hemos_hecho,8.40619145648033,haber,Mood=Ind|Number=Plur|Person=1|Tense=Pres|VerbForm=Fin,1,1,1,verb_exact_hemos_hecho
cuenta,238,n,¿vas a hacer eso por tu cuenta?,retrieved_corpus,retrieved,11.593148007460835,cuenta,Gender=Fem|Number=Sing,1,1,1,
visto,239,v,¿has visto a mi padre?,retrieved_corpus,retrieved,13.57650597530137,ver,Gender=Masc|Number=Sing|Tense=Past|VerbForm=Part,1,1,1,
conmigo,240,adv,Ella está conmigo.,template_generated,adv_accompaniment_be,11.022851803588303,conmigo,,1,1,1,adv_accompaniment_be
mientras,241,conj,,no_candidate_found,no_candidate_found,0.0,mientras,,0,0,0,manual review needed
otros,242,determiner,Otros trabajos están bien.,template_generated,det_anchor_clear,10.389795121568355,otro,Gender=Masc|Number=Plur,1,1,1,det_anchor_clear
realmente,243,adv,¿estás realmente seguro de eso?,retrieved_corpus,retrieved,14.4144099466926,realmente,,1,1,1,
hora,244,n,¿Qué hora es?,retrieved_corpus,retrieved,11.150154860477343,hora,Gender=Fem|Number=Sing,1,1,1,
problema,245,n,De seguro tendremos problemas.,retrieved_corpus,retrieved,12.689549485604728,problema,Gender=Masc|Number=Plur,1,1,1,
crees,246,v,¿cómo crees que me siento?,retrieved_corpus,retrieved,12.859005591249403,creer,Mood=Ind|Number=Sing|Person=2|Tense=Pres|VerbForm=Fin,1,1,1,
año,247,n,Ella tiene tres años más que yo.,retrieved_corpus,retrieved,13.616370083095134,año,Gender=Masc|Number=Plur,1,1,1,
razón,248,n,Tú sabes que no tengo la razón.,retrieved_corpus,retrieved,11.782172127761664,razón,Gender=Fem|Number=Sing,1,1,1,
primera,249,adj,,no_candidate_found,no_candidate_found,0.0,primero,,0,0,0,manual review needed
cierto,250,adj,,no_candidate_found,no_candidate_found,0.0,cierto,,0,0,0,manual review needed
saber,251,v,Sé que no lo harás.,retrieved_corpus,retrieved,12.997757317435584,saber,Mood=Ind|Number=Sing|Person=1|Tense=Pres|VerbForm=Fin,1,1,1,
dicho,252,v,Lo he dicho.,seeded_template,verb_exact_dicho,9.919768356956256,decir,Gender=Masc|Number=Sing|Tense=Past|VerbForm=Part,1,1,1,verb_exact_dicho
mierda,254,n,El amor es una mierda.,retrieved_corpus,retrieved,11.984826561120117,mierda,Gender=Fem|Number=Sing,1,1,1,
pues,255,conj,,no_candidate_found,no_candidate_found,0.0,pues,,0,0,0,manual review needed
idea,256,n,Ni tuve idea que estabas allí.,retrieved_corpus,retrieved,10.132122728340217,idea,Gender=Fem|Number=Sing,1,1,1,
mío,257,determiner,,no_candidate_found,no_candidate_found,0.0,mío,,0,0,0,manual review needed
e,258,conj,Son padre e hijo.,retrieved_corpus,retrieved,13.409470148696343,e,,1,1,1,
aunque,259,conj,No puedo aunque quiero.,retrieved_corpus,retrieved,15.418906218496026,aunque,,1,1,1,
familia,260,n,Mi amigo tiene una gran familia.,retrieved_corpus,retrieved,11.930462022970351,familia,Gender=Fem|Number=Sing,1,1,1,
hacia,261,prep,¿hacia dónde va mi vida?,retrieved_corpus,retrieved,12.039258200395956,hacia,,1,1,1,
amor,262,n,Él es el amor de su vida.,retrieved_corpus,retrieved,12.80339612379915,amor,Gender=Masc|Number=Sing,1,1,1,
esos,263,determiner,Esos amigos están bien.,template_generated,det_anchor_clear,9.232624273975299,ese,Gender=Masc|Number=Plur,1,1,1,det_anchor_clear
pueden,264,v,Ellos pueden ir a casa.,seeded_template,seeded_special_poder_ir_place,9.748845375496233,poder,Mood=Ind|Number=Plur|Person=3|Tense=Pres|VerbForm=Fin,1,1,1,seeded_special_poder_ir_place
importa,265,v,No me importa lo que decís.,retrieved_corpus,retrieved,13.615479902657285,importar,Mood=Ind|Number=Sing|Person=3|Tense=Pres|VerbForm=Fin,1,1,1,
todavía,266,adv,Sé que todavía me queréis.,retrieved_corpus,retrieved,13.614832508999783,todavía,,1,1,1,
personas,267,n,,no_candidate_found,no_candidate_found,0.0,persona,,0,0,0,manual review needed
policía,268,n,La policía está allí.,retrieved_corpus,retrieved,12.074020088226838,policía,Number=Sing,1,1,1,
casi,269,adv,,no_candidate_found,no_candidate_found,0.0,casi,,0,0,0,manual review needed
contigo,270,adv,Ella está contigo.,template_generated,adv_accompaniment_be,8.391328529614107,contigo,,1,1,1,adv_accompaniment_be
cualquier,271,determiner,Cualquier trabajo está bien.,template_generated,det_anchor_clear,10.739114936190195,cualquiera,Number=Sing,1,1,1,det_anchor_clear
demasiado,272,adv,¿no será demasiado poco?,retrieved_corpus,retrieved,15.213121170314075,demasiado,,1,1,1,
ven,273,v,,no_candidate_found,no_candidate_found,0.0,ver,,0,0,0,manual review needed
serio,274,adj,No es nada serio.,retrieved_corpus,retrieved,14.919849216810658,serio,Gender=Masc|Number=Sing,1,1,1,
algún,275,determiner,Algún trabajo está bien.,template_generated,det_anchor_clear,10.814573782418488,alguno,Gender=Masc|Number=Sing,1,1,1,det_anchor_clear
ve,276,v,Ella ve la casa.,retrieved_corpus,retrieved,12.757322176341493,ve,Mood=Ind|Number=Sing|Person=3|Tense=Fut|VerbForm=Fin,1,1,1,
nueva,277,adj,,no_candidate_found,no_candidate_found,0.0,nuevo,,0,0,0,manual review needed
eh,278,,,no_candidate_found,no_candidate_found,0.0,eh,,0,0,0,manual review needed
lado,279,n,Te voy a tener a mi lado.,retrieved_corpus,retrieved,13.456712792912784,lado,Gender=Masc|Number=Sing,1,1,1,
manera,280,n,Lo hago de esa manera.,retrieved_corpus,retrieved,11.64333288012737,manera,Gender=Fem|Number=Sing,1,1,1,
cabeza,281,n,La cabeza es buena.,template_generated,n_a1_1,9.030997812303449,cabeza,Gender=Fem|Number=Sing,1,1,1,n_a1_1
hombres,282,n,,no_candidate_found,no_candidate_found,0.0,hombre,,0,0,0,manual review needed
historia,283,n,Me gustan mucho estas historias.,retrieved_corpus,retrieved,12.169488944530354,historia,Gender=Fem|Number=Plur,1,1,1,
dentro,284,adv,Hay un dios dentro de nosotros.,retrieved_corpus,retrieved,14.757867403602283,dentro,,1,1,1,
sería,285,v,Ella sería buena.,seeded_template,seeded_special_ser_adj,8.840866832598314,ser,Mood=Cnd|Number=Sing|Person=3|VerbForm=Fin,1,1,1,seeded_special_ser_adj
salir,286,v,Parece que algo salió mal.,retrieved_corpus,retrieved,11.842459190721783,salir,Mood=Ind|Number=Sing|Person=3|Tense=Past|VerbForm=Fin,1,1,1,
debería,287,v,Ella debería estar en el año pasado.,stochastic_decoder,stochastic,8.362692537209233,deber,Mood=Cnd|Number=Sing|Person=3|VerbForm=Fin,1,1,1,stochastic
van,288,v,Ellos van a casa.,seeded_template,seeded_special_ir_place,9.729005965975503,ir,Mood=Ind|Number=Plur|Person=3|Tense=Pres|VerbForm=Fin,1,1,1,seeded_special_ir_place
ciudad,289,n,La ciudad es buena.,template_generated,n_a1_1,9.835113494699948,ciudad,Gender=Fem|Number=Sing,1,1,1,n_a1_1
ustedes,290,pron,Ustedes van a casa.,template_generated,pron_subject_home,12.475772866474507,ustedes,,1,1,1,pron_subject_home
muchas,291,determiner,Muchas casas están aquí.,template_generated,det_quantity_plural,11.466746551896096,mucho,Gender=Fem|Number=Plur,1,1,1,det_quantity_plural
poder,292,n,Tiene mucho poder.,retrieved_corpus,retrieved,9.651220487195502,poder,Gender=Masc|Number=Sing,1,1,1,
algunos,293,determiner,Algunos amigos están bien.,template_generated,det_anchor_clear,11.59311522564426,alguno,Gender=Masc|Number=Plur,1,1,1,det_anchor_clear
amigos,294,n,Me gustan tus amigos.,retrieved_corpus,retrieved,12.022042477264824,amigo,Gender=Masc|Number=Plur,1,1,1,
chica,295,n,Es realmente una buena chica.,retrieved_corpus,retrieved,11.963110705229086,chico,Gender=Fem|Number=Sing,1,1,1,
mayor,296,adj,,no_candidate_found,no_candidate_found,0.0,mayor,,0,0,0,manual review needed
sabía,297,v,Ella sabía la verdad.,seeded_template,seeded_special_saber_truth,9.752944596819631,saber,Mood=Ind|Number=Sing|Person=3|Tense=Imp|VerbForm=Fin,1,1,1,seeded_special_saber_truth
chicos,298,n,,no_candidate_found,no_candidate_found,0.0,chico,,0,0,0,manual review needed
hermano,299,n,No sabía que tuvieras un hermano.,retrieved_corpus,retrieved,13.935158837399122,hermano,Gender=Masc|Number=Sing,1,1,1,
esas,300,determiner,Esas casas están bien.,template_generated,det_anchor_clear,11.296705645323181,ese,Gender=Fem|Number=Plur,1,1,1,det_anchor_clear
primer,301,adj,No quería estar aquí en primer lugar.,retrieved_corpus,retrieved,12.783466031721492,primero,Gender=Masc|Number=Sing,1,1,1,
país,302,n,Todos queremos lo mejor para este país.,retrieved_corpus,retrieved,10.63436216845619,país,Gender=Masc|Number=Sing,1,1,1,
vaya,303,v,Esperemos que mañana todo vaya mejor.,retrieved_corpus,retrieved,10.301168015404139,ir,Mood=Sub|Number=Sing|Person=3|Tense=Pres|VerbForm=Fin,1,1,1,
agua,304,n,,no_candidate_found,no_candidate_found,0.0,agua,,0,0,0,manual review needed
misma,305,adj,,no_candidate_found,no_candidate_found,0.0,mismo,,0,0,0,manual review needed
veo,306,v,Yo veo la hora de la noche.,stochastic_decoder,stochastic,8.239448090651214,ver,Mood=Ind|Number=Sing|Person=1|Tense=Pres|VerbForm=Fin,1,1,1,stochastic
haces,307,v,Tú haces eso.,seeded_template,verb_exact_haces_eso,8.732324896681066,hacer,Mood=Ind|Number=Sing|Person=2|Tense=Pres|VerbForm=Fin,1,1,1,verb_exact_haces_eso
camino,308,n,¿sabes el camino?,retrieved_corpus,retrieved,9.525136659965584,camino,Gender=Masc|Number=Sing,1,1,1,
persona,309,n,La persona es buena.,template_generated,n_a1_1,9.20609155977423,persona,Gender=Fem|Number=Sing,1,1,1,n_a1_1
iba,310,v,Ella iba a casa.,seeded_template,seeded_special_ir_place,9.423763078376533,ir,Mood=Ind|Number=Sing|Person=3|Tense=Imp|VerbForm=Fin,1,1,1,seeded_special_ir_place
realidad,311,n,La realidad es buena.,template_generated,n_a1_1,8.579784796831618,realidad,Gender=Fem|Number=Sing,1,1,1,n_a1_1
fin,312,n,,no_candidate_found,no_candidate_found,0.0,fin,,0,0,0,manual review needed
importante,313,adj,Me han dicho que era importante.,retrieved_corpus,retrieved,12.276934316437213,importante,Number=Sing,1,1,1,
primero,314,adj,No quería estar aquí en primer lugar.,retrieved_corpus,retrieved,12.783466031721492,primero,Gender=Masc|Number=Sing,1,1,1,
digo,315,v,Yo digo eso.,seeded_template,verb_exact_digo_eso,9.076753336449643,decir,Mood=Ind|Number=Sing|Person=1|Tense=Pres|VerbForm=Fin,1,1,1,verb_exact_digo_eso
horas,316,n,,no_candidate_found,no_candidate_found,0.0,hora,,0,0,0,manual review needed
semana,317,n,He esperado más de una semana.,retrieved_corpus,retrieved,13.033854499493032,semana,Gender=Fem|Number=Sing,1,1,1,
puerta,318,n,¿quién estaba a la puerta?,retrieved_corpus,retrieved,11.25525242011119,puerta,Gender=Fem|Number=Sing,1,1,1,
somos,319,v,Nosotros somos el uno al otro lado.,stochastic_decoder,stochastic,8.105721895344612,ser,Mood=Ind|Number=Plur|Person=1|Tense=Pres|VerbForm=Fin,1,1,1,stochastic
pensé,320,v,Yo pensé eso.,seeded_template,verb_exact_pense_eso,9.160871395604948,pensar,Mood=Ind|Number=Sing|Person=1|Tense=Past|VerbForm=Fin,1,1,1,verb_exact_pense_eso
bajo,321,prep,,no_candidate_found,no_candidate_found,0.0,bajo,,0,0,0,manual review needed
muerte,322,n,Soy la muerte.,retrieved_corpus,retrieved,10.144006979611905,muerte,Gender=Fem|Number=Sing,1,1,1,
problemas,323,n,De seguro tendremos problemas.,retrieved_corpus,retrieved,12.689549485604728,problema,Gender=Masc|Number=Plur,1,1,1,
punto,324,n,El punto es nuevo.,template_generated,n_a1_1,8.97178064454881,punto,Gender=Masc|Number=Sing,1,1,1,n_a1_1
ah,325,,,no_candidate_found,no_candidate_found,0.0,ah,,0,0,0,manual review needed
pasó,326,v,Dice que se lo pasó muy bien.,retrieved_corpus,retrieved,12.650574743508844,pasar,Mood=Ind|Number=Sing|Person=3|Tense=Past|VerbForm=Fin,1,1,1,
quizá,327,adv,,no_candidate_found,no_candidate_found,0.0,quizá,,0,0,0,manual review needed
buenas,328,adj,,no_candidate_found,no_candidate_found,0.0,buenas,,0,0,0,manual review needed
supuesto,329,n,,no_candidate_found,no_candidate_found,0.0,supuesto,,0,0,0,manual review needed
cuatro,330,num,Tengo cuatro años menos que él.,retrieved_corpus,retrieved,16.269395886947915,cuatro,,1,1,1,
da,331,v,Ella da eso.,seeded_template,verb_exact_da_eso,8.998018997453908,dar,Mood=Ind|Number=Sing|Person=3|Tense=Pres|VerbForm=Fin,1,1,1,verb_exact_da_eso
mano,332,n,,no_candidate_found,no_candidate_found,0.0,mano,,0,0,0,manual review needed
niños,333,n,Todos los niños la esperaban cada año.,retrieved_corpus,retrieved,10.98922258239692,niño,Gender=Masc|Number=Plur,1,1,1,
volver,334,v,Puede que vuelva.,retrieved_corpus,retrieved,13.232485415927153,volver,Mood=Sub|Number=Sing|Person=3|Tense=Pres|VerbForm=Fin,1,1,1,
además,335,adv,,no_candidate_found,no_candidate_found,0.0,además,,0,0,0,manual review needed
señora,336,n,,no_candidate_found,no_candidate_found,0.0,señora,,0,0,0,manual review needed
cariño,337,n,Cada madre tiene cariño para su hijo.,retrieved_corpus,retrieved,10.061055244114781,cariño,Gender=Masc|Number=Sing,1,1,1,
ayuda,338,n,No necesitamos ayuda.,retrieved_corpus,retrieved,13.580757882372454,ayuda,Gender=Fem|Number=Sing,1,1,1,
ojos,339,n,,no_candidate_found,no_candidate_found,0.0,ojo,,0,0,0,manual review needed
cinco,340,num,Ella tiene cinco años.,retrieved_corpus,retrieved,17.814286358855213,cinco,,1,1,1,
pasar,341,v,¿qué ha pasado hoy?,retrieved_corpus,retrieved,13.381386015280704,pasar,Gender=Masc|Number=Sing|Tense=Past|VerbForm=Part,1,1,1,
general,342,adj,,no_candidate_found,no_candidate_found,0.0,general,,0,0,0,manual review needed
pronto,343,adv,,no_candidate_found,no_candidate_found,0.0,pronto,,0,0,0,manual review needed
debo,344,v,Yo debo ir.,seeded_template,verb_exact_debo_ir,9.515642441590668,deber,Mood=Ind|Number=Sing|Person=1|Tense=Pres|VerbForm=Fin,1,1,1,verb_exact_debo_ir
minutos,345,n,,no_candidate_found,no_candidate_found,0.0,minuto,,0,0,0,manual review needed
sino,346,conj,,no_candidate_found,no_candidate_found,0.0,sino,,0,0,0,manual review needed
gobierno,347,n,El gobierno es nuevo.,template_generated,n_a1_1,9.338717547337827,gobierno,Gender=Masc|Number=Sing,1,1,1,n_a1_1
manos,348,n,,no_candidate_found,no_candidate_found,0.0,mano,,0,0,0,manual review needed
presidente,349,n,Estoy viendo al presidente.,retrieved_corpus,retrieved,10.973060044493357,presidente,Gender=Masc|Number=Sing,1,1,1,
muerto,350,adj,Tendré más que decir cuando esté muerto.,retrieved_corpus,retrieved,11.195697431985108,muerto,Gender=Masc|Number=Sing,1,1,1,
muchos,351,determiner,,no_candidate_found,no_candidate_found,0.0,mucho,,0,0,0,manual review needed
chico,352,n,El chico es nuevo.,template_generated,n_a1_1,9.583966339170916,chico,Gender=Masc|Number=Sing,1,1,1,n_a1_1
guerra,353,n,¡no quiero una guerra!,retrieved_corpus,retrieved,14.365940203309204,guerra,Gender=Fem|Number=Sing,1,1,1,
hice,354,v,Hice bien mi trabajo.,retrieved_corpus,retrieved,9.752604261803702,hacer,Mood=Ind|Number=Sing|Person=1|Tense=Past|VerbForm=Fin,1,1,1,
incluso,355,adv,,no_candidate_found,no_candidate_found,0.0,incluso,,0,0,0,manual review needed
medio,356,n,El medio es nuevo.,template_generated,n_a1_1,8.588816732151752,medio,Gender=Masc|Number=Sing,1,1,1,n_a1_1
cuál,357,pron,Cuál es tu nombre.,template_generated,pron_which_name,10.131923968824207,cuál,,1,1,1,pron_which_name
hablando,358,v,,no_candidate_found,no_candidate_found,0.0,hablar,,0,0,0,manual review needed
adiós,359,n,Sólo pasé a decir adiós.,retrieved_corpus,retrieved,10.427488858285098,adiós,Gender=Masc|Number=Sing,1,1,1,
siquiera,360,adv,Ni siquiera lo sé.,template_generated,adv_even_know,8.81829486685502,siquiera,,1,1,1,adv_even_know
genial,361,adj,Creo que se ve genial.,retrieved_corpus,retrieved,12.748785998504987,genial,Number=Sing,1,1,1,
fueron,362,v,Ellos fueron a la casa de él.,stochastic_decoder,stochastic,8.528535336757495,ser,Mood=Ind|Number=Plur|Person=3|Tense=Past|VerbForm=Fin,1,1,1,stochastic
ello,363,pron,No hablo de ello.,template_generated,pron_ello_object,14.350882379156365,ello,,1,1,1,pron_ello_object
rápido,364,adj,El hombre es rápido.,seeded_template,seeded_adj_fallback,11.055906274182982,rápido,Gender=Masc|Number=Sing,1,1,1,seeded_adj_fallback
equipo,365,n,Ellos eran un equipo.,retrieved_corpus,retrieved,10.582286618502177,equipo,Gender=Masc|Number=Sing,1,1,1,
dejar,366,v,No te voy a dejar solo.,retrieved_corpus,retrieved,14.888236592382338,dejar,VerbForm=Inf,1,1,1,
significa,367,v,¿qué significa eso?,retrieved_corpus,retrieved,13.054220506778776,significar,Mood=Ind|Number=Sing|Person=3|Tense=Pres|VerbForm=Fin,1,1,1,
jefe,368,n,Hablas como si fueras nuestro jefe.,retrieved_corpus,retrieved,10.439873948547756,jefe,Gender=Masc|Number=Sing,1,1,1,
millones,369,n,,no_candidate_found,no_candidate_found,0.0,millón,,0,0,0,manual review needed
suerte,370,n,Espero que tengas suerte.,retrieved_corpus,retrieved,13.747176522575721,suerte,Gender=Fem|Number=Sing,1,1,1,
otras,371,determiner,Otras ideas están bien.,template_generated,det_anchor_clear,10.55198116481162,otro,Gender=Fem|Number=Plur,1,1,1,det_anchor_clear
ayer,372,adv,,no_candidate_found,no_candidate_found,0.0,ayer,,0,0,0,manual review needed
cuerpo,373,n,,no_candidate_found,no_candidate_found,0.0,cuerpo,,0,0,0,manual review needed
llegar,374,v,Ellos todavía no llegaron.,retrieved_corpus,retrieved,10.602303310213575,llegar,Mood=Ind|Number=Plur|Person=3|Tense=Past|VerbForm=Fin,1,1,1,
mujeres,375,n,,no_candidate_found,no_candidate_found,0.0,mujer,,0,0,0,manual review needed
posible,376,adj,Hoy en día todo es posible.,retrieved_corpus,retrieved,11.852114763760317,posible,Number=Sing,1,1,1,
según,377,prep,,no_candidate_found,no_candidate_found,0.0,según,,0,0,0,manual review needed
nuestros,378,determiner,Nuestros hijos necesitan algo que hacer.,retrieved_corpus,retrieved,15.46578885938,nuestro,Gender=Masc|Number=Plur,1,1,1,
quizás,379,adv,Quizás sea cierto.,retrieved_corpus,retrieved,10.980746489677799,quizás,,1,1,1,
tierra,380,n,La tierra es buena.,template_generated,n_a1_1,10.104151474129978,tierra,Gender=Fem|Number=Sing,1,1,1,n_a1_1
único,381,adj,,no_candidate_found,no_candidate_found,0.0,único,,0,0,0,manual review needed
hija,382,n,Hablé con mi hija.,retrieved_corpus,retrieved,10.737333992597355,hija,Gender=Fem|Number=Sing,1,1,1,
ninguna,383,determiner,Ninguna casa está bien.,template_generated,det_anchor_clear,10.360774952706887,ninguno,,1,1,1,det_anchor_clear
final,384,n,,no_candidate_found,no_candidate_found,0.0,final,,0,0,0,manual review needed
cara,385,n,,no_candidate_found,no_candidate_found,0.0,cara,,0,0,0,manual review needed
niño,386,n,Todos los niños la esperaban cada año.,retrieved_corpus,retrieved,10.98922258239692,niño,Gender=Masc|Number=Plur,1,1,1,
supongo,387,v,Supongo que ya no importa.,retrieved_corpus,retrieved,11.968706037811494,suponer,Mood=Ind|Number=Sing|Person=1|Tense=Pres|VerbForm=Fin,1,1,1,
juntos,388,adj,,no_candidate_found,no_candidate_found,0.0,junto,,0,0,0,manual review needed
algunas,389,determiner,Algunas personas no hicieron nada.,retrieved_corpus,retrieved,16.86985012448632,alguno,Gender=Fem|Number=Plur,1,1,1,
entiendo,390,v,Yo no entiendo esto.,retrieved_corpus,retrieved,11.929032392038756,entender,Mood=Ind|Number=Sing|Person=1|Tense=Pres|VerbForm=Fin,1,1,1,
número,391,n,El número es nuevo.,template_generated,n_a1_1,9.166891083730986,número,Gender=Masc|Number=Sing,1,1,1,n_a1_1
ningún,392,determiner,No quiero estar en ningún otro lado.,retrieved_corpus,retrieved,16.556487300895817,ninguno,Gender=Masc|Number=Sing,1,1,1,
deja,393,v,,no_candidate_found,no_candidate_found,0.0,dejar,,0,0,0,manual review needed
ves,394,v,,no_candidate_found,no_candidate_found,0.0,ves,,0,0,0,manual review needed
tío,395,n,Tengo que estar con mis tíos.,retrieved_corpus,retrieved,11.693271787072534,tío,Gender=Masc|Number=Plur,1,1,1,
cerca,396,adv,Estamos demasiado cerca.,retrieved_corpus,retrieved,11.284334869772923,cerca,,1,1,1,
corazón,397,n,Te quiero con todo mi corazón.,retrieved_corpus,retrieved,12.887377309408233,corazón,Gender=Masc|Number=Sing,1,1,1,
miedo,398,n,No te tengo miedo.,retrieved_corpus,retrieved,12.48339798781102,miedo,Gender=Masc|Number=Sing,1,1,1,
buenos,399,adj,,no_candidate_found,no_candidate_found,0.0,buenos,,0,0,0,manual review needed
eran,400,v,Ellos eran de la casa de él.,stochastic_decoder,stochastic,8.048143815563531,ser,Mood=Ind|Number=Plur|Person=3|Tense=Imp|VerbForm=Fin,1,1,1,stochastic
haya,401,v,No creo que haya hecho algo así.,stochastic_decoder,stochastic,8.835828871115076,haber,Mood=Sub|Number=Sing|Person=3|Tense=Pres|VerbForm=Fin,1,1,1,stochastic
hubiera,402,v,No creo que hubiera hecho algo así.,stochastic_decoder,stochastic,8.61873170426374,haber,Mood=Sub|Number=Sing|Person=3|Tense=Imp|VerbForm=Fin,1,1,1,stochastic
feliz,403,adj,Él tuvo una vida feliz.,retrieved_corpus,retrieved,14.103902710000286,feliz,Number=Sing,1,1,1,
unas,404,determiner,Unas casas están bien.,template_generated,det_anchor_clear,10.745093520987808,uno,Gender=Fem|Number=Plur,1,1,1,det_anchor_clear
espero,405,v,Espero que nadie me vea así.,retrieved_corpus,retrieved,13.406190235426731,esperar,Mood=Ind|Number=Sing|Person=1|Tense=Pres|VerbForm=Fin,1,1,1,
igual,406,adj,También pienso igual.,retrieved_corpus,retrieved,11.57165332828499,igual,Number=Sing,1,1,1,
viene,407,v,Ella viene a casa.,template_generated,v_a1_4,8.254303506299092,venir,Mood=Ind|Number=Sing|Person=3|Tense=Pres|VerbForm=Fin,1,1,1,v_a1_4
meses,408,n,,no_candidate_found,no_candidate_found,0.0,mes,,0,0,0,manual review needed
sigue,409,v,¡la noche sigue!,retrieved_corpus,retrieved,10.875992388839105,seguir,Mood=Ind|Number=Sing|Person=3|Tense=Pres|VerbForm=Fin,1,1,1,
dar,410,v,,no_candidate_found,no_candidate_found,0.0,dar,,0,0,0,manual review needed
podía,411,v,,no_candidate_found,no_candidate_found,0.0,poder,,0,0,0,manual review needed
última,412,adj,,no_candidate_found,no_candidate_found,0.0,último,,0,0,0,manual review needed
difícil,413,adj,Fueron días muy difíciles.,retrieved_corpus,retrieved,9.73107812896523,difícil,Number=Plur,1,1,1,
os,414,interj,"Os, ella está aquí!",template_generated,interj_here,8.198628225854021,os,,1,1,1,interj_here
venir,415,v,¿es que no te vienes?,retrieved_corpus,retrieved,13.06248069041749,venir,Mood=Ind|Number=Sing|Person=2|Tense=Pres|VerbForm=Fin,1,1,1,
vi,416,v,Yo vi a un amigo de verdad.,stochastic_decoder,stochastic,8.301585350766079,ver,Mood=Ind|Number=Sing|Person=1|Tense=Past|VerbForm=Fin,1,1,1,stochastic
viejo,417,n,El viejo es nuevo.,template_generated,n_a1_1,8.942349115681552,viejo,Gender=Masc|Number=Sing,1,1,1,n_a1_1
bastante,418,adv,,no_candidate_found,no_candidate_found,0.0,bastante,,0,0,0,manual review needed
tomar,419,v,,no_candidate_found,no_candidate_found,0.0,tomar,,0,0,0,manual review needed
gustaría,420,v,,no_candidate_found,no_candidate_found,0.0,gustar,,0,0,0,manual review needed
cuánto,421,determiner,Cuánto puertas están bien.,template_generated,det_anchor_clear,8.380491118441377,cuánto,,1,1,1,det_anchor_clear
encontrar,422,v,No encuentran nada por hacer.,retrieved_corpus,retrieved,12.946551915075082,encontrar,Mood=Ind|Number=Plur|Person=3|Tense=Pres|VerbForm=Fin,1,1,1,
adelante,423,adv,De ahora en adelante lo haremos así.,retrieved_corpus,retrieved,14.112282607514846,adelante,,1,1,1,
justo,424,adj,No creo que eso sea justo.,retrieved_corpus,retrieved,13.171204944768379,justo,Gender=Masc|Number=Sing,1,1,1,
sentido,425,n,No tiene sentido esperar.,retrieved_corpus,retrieved,12.414245720768617,sentido,Gender=Masc|Number=Sing,1,1,1,
esposa,426,n,La esposa es buena.,template_generated,n_a1_1,8.975357146604003,esposa,Gender=Fem|Number=Sing,1,1,1,n_a1_1
segundo,427,adj,Estará aquí en cualquier segundo.,retrieved_corpus,retrieved,10.546758864353766,segundo,Gender=Masc|Number=Sing,1,1,1,
grande,428,adj,Creo que es demasiado grande.,retrieved_corpus,retrieved,13.406612841303224,grande,Number=Sing,1,1,1,
allá,429,adv,Me hizo muy bien estar allá.,retrieved_corpus,retrieved,14.734808617198809,allá,,1,1,1,
clase,430,n,Tengo clase esta noche.,retrieved_corpus,retrieved,12.726362171695577,clase,Gender=Fem|Number=Sing,1,1,1,
cual,431,pron,Cual es tu nombre.,template_generated,pron_which_name,9.486762316495437,cual,Number=Sing,1,1,1,pron_which_name
ante,432,prep,Está ante la puerta.,template_generated,prep_before,8.7893382203762,ante,,1,1,1,prep_before
juego,433,n,No es un juego.,retrieved_corpus,retrieved,13.649188784826187,juego,Gender=Masc|Number=Sing,1,1,1,
tenido,434,v,Él ha tenido un poco más tarde.,stochastic_decoder,stochastic,8.364809347174852,tener,Gender=Masc|Number=Sing|Tense=Past|VerbForm=Part,1,1,1,stochastic
pensar,435,v,¡no es lo que piensas!,retrieved_corpus,retrieved,14.317129521953165,pensar,Mood=Ind|Number=Sing|Person=2|Tense=Pres|VerbForm=Fin,1,1,1,
pueda,436,v,No creo que pueda hacer eso ahora.,stochastic_decoder,stochastic,9.15526207845347,poder,Mood=Sub|Number=Sing|Person=3|Tense=Pres|VerbForm=Fin,1,1,1,stochastic
hey,437,,,no_candidate_found,no_candidate_found,0.0,hey,,0,0,0,manual review needed
doctor,438,n,Me dijo que su padre era doctor.,retrieved_corpus,retrieved,12.360030818951254,doctor,Gender=Masc|Number=Sing,1,1,1,
grupo,439,n,Me gustaría ser parte de tu grupo.,retrieved_corpus,retrieved,11.699355655985677,grupo,Gender=Masc|Number=Sing,1,1,1,
cuidado,440,n,El cuidado es nuevo.,template_generated,n_a1_1,8.557986596186302,cuidado,Gender=Masc|Number=Sing,1,1,1,n_a1_1
suficiente,441,adj,No tengo suficiente dinero ahora.,retrieved_corpus,retrieved,14.766265807593602,suficiente,Number=Sing,1,1,1,
sangre,442,n,La sangre es buena.,template_generated,n_a1_1,9.42948384524149,sangre,Gender=Fem|Number=Sing,1,1,1,n_a1_1
pequeño,443,adj,Es bueno y es pequeño.,retrieved_corpus,retrieved,11.559716017120682,pequeño,Gender=Masc|Number=Sing,1,1,1,
dijiste,444,v,¿le dijiste algo?,retrieved_corpus,retrieved,12.362780729595036,decir,Mood=Ind|Number=Sing|Person=2|Tense=Past|VerbForm=Fin,1,1,1,
trata,445,v,De eso se trata.,retrieved_corpus,retrieved,10.90573202791847,tratar,Mood=Ind|Number=Sing|Person=3|Tense=Pres|VerbForm=Fin,1,1,1,
haré,446,v,Yo haré un trabajo.,seeded_template,seeded_special_hacer_obj,8.009498453899315,hacer,Mood=Ind|Number=Sing|Person=1|Tense=Fut|VerbForm=Fin,1,1,1,seeded_special_hacer_obj
último,447,adj,,no_candidate_found,no_candidate_found,0.0,último,,0,0,0,manual review needed
frente,448,n,,no_candidate_found,no_candidate_found,0.0,frente,,0,0,0,manual review needed
grandes,449,adj,,no_candidate_found,no_candidate_found,0.0,grande,,0,0,0,manual review needed
venga,450,v,,no_candidate_found,no_candidate_found,0.0,venir,,0,0,0,manual review needed
llama,451,v,Ella llama a la puerta de casa.,stochastic_decoder,stochastic,8.054819040264091,llamar,Mood=Ind|Number=Sing|Person=3|Tense=Pres|VerbForm=Fin,1,1,1,stochastic
noches,452,n,Pasé dos noches aquí.,retrieved_corpus,retrieved,9.782850455748488,noche,Gender=Fem|Number=Plur,1,1,1,
toma,453,v,,no_candidate_found,no_candidate_found,0.0,tomar,,0,0,0,manual review needed
necesita,454,v,¿por qué necesita este dinero?,retrieved_corpus,retrieved,12.872904379400492,necesitar,Mood=Ind|Number=Sing|Person=3|Tense=Pres|VerbForm=Fin,1,1,1,
debes,455,v,,no_candidate_found,no_candidate_found,0.0,deber,,0,0,0,manual review needed
arriba,456,adv,¿está su madre ahí arriba?,retrieved_corpus,retrieved,12.85384579988498,arriba,,1,1,1,
vuelta,457,n,¿me lo pasan de vuelta ahora?,retrieved_corpus,retrieved,13.037714749108584,vuelta,Gender=Fem|Number=Sing,1,1,1,
coche,458,n,¿quieres un coche?,retrieved_corpus,retrieved,11.142080248948444,coche,Gender=Masc|Number=Sing,1,1,1,
tampoco,459,adv,Yo tampoco sé qué hacer.,retrieved_corpus,retrieved,15.487159976861058,tampoco,,1,1,1,
trabajar,460,v,Ustedes trabajan de noche.,retrieved_corpus,retrieved,12.39169924074442,trabajar,Mood=Ind|Number=Plur|Person=3|Tense=Pres|VerbForm=Fin,1,1,1,
cuándo,461,adv,,no_candidate_found,no_candidate_found,0.0,cuándo,,0,0,0,manual review needed
fuerte,462,adj,,no_candidate_found,no_candidate_found,0.0,fuerte,,0,0,0,manual review needed
seguridad,463,n,La seguridad es buena.,template_generated,n_a1_1,9.165132677245026,seguridad,Gender=Fem|Number=Sing,1,1,1,n_a1_1
mas,464,,,no_candidate_found,no_candidate_found,0.0,mas,,0,0,0,manual review needed
entrar,465,v,No puedo dejarte entrar ahí solo.,retrieved_corpus,retrieved,13.686467282718104,entrar,VerbForm=Inf,1,1,1,
vivir,466,v,Hace muchos años que vivo aquí.,retrieved_corpus,retrieved,12.9285635426211,vivir,Mood=Ind|Number=Sing|Person=1|Tense=Pres|VerbForm=Fin,1,1,1,
escucha,467,v,,no_candidate_found,no_candidate_found,0.0,escuchar,,0,0,0,manual review needed
pueblo,469,n,El pueblo es nuevo.,template_generated,n_a1_1,9.14948880833306,pueblo,Gender=Masc|Number=Sing,1,1,1,n_a1_1
hijos,470,n,No tengo nada para mis hijos.,retrieved_corpus,retrieved,12.451404234826976,hijo,Gender=Masc|Number=Plur,1,1,1,
joven,471,adj,¡qué joven eres!,retrieved_corpus,retrieved,8.834896488904418,joven,Number=Sing,1,1,1,
cuanto,472,adv,,no_candidate_found,no_candidate_found,0.0,cuanto,,0,0,0,manual review needed
hago,473,v,,no_candidate_found,no_candidate_found,0.0,hacer,,0,0,0,manual review needed
escuela,474,n,¿cómo te fue en la escuela hoy?,retrieved_corpus,retrieved,12.881381422910039,escuela,Gender=Fem|Number=Sing,1,1,1,
tras,475,prep,,no_candidate_found,no_candidate_found,0.0,tras,,0,0,0,manual review needed
cree,476,v,Ella cree eso.,seeded_template,seeded_special_creer_object,9.24322631070684,creer,Mood=Ind|Number=Sing|Person=3|Tense=Pres|VerbForm=Fin,1,1,1,seeded_special_creer_object
cambio,477,n,,no_candidate_found,no_candidate_found,0.0,cambio,,0,0,0,manual review needed
luz,478,n,,no_candidate_found,no_candidate_found,0.0,luz,,0,0,0,manual review needed
oportunidad,479,n,Te daré otra oportunidad.,retrieved_corpus,retrieved,11.078649377402577,oportunidad,Gender=Fem|Number=Sing,1,1,1,
fui,480,v,,no_candidate_found,no_candidate_found,0.0,fui,,0,0,0,manual review needed
sistema,481,n,Es un buen sistema.,retrieved_corpus,retrieved,12.651475294712544,sistema,Gender=Masc|Number=Sing,1,1,1,
embargo,482,n,El embargo es nuevo.,template_generated,n_a1_1,8.669909753773386,embargo,Gender=Masc|Number=Sing,1,1,1,n_a1_1
teléfono,483,n,Me gustan tus teléfonos.,retrieved_corpus,retrieved,11.94094945564319,teléfono,Gender=Masc|Number=Plur,1,1,1,
dices,484,v,Estoy de acuerdo con lo que dices.,retrieved_corpus,retrieved,14.026354978864495,decir,Mood=Ind|Number=Sing|Person=2|Tense=Pres|VerbForm=Fin,1,1,1,
seis,485,num,Somos seis personas.,retrieved_corpus,retrieved,12.505004091168534,seis,,1,1,1,
alto,486,adj,Es más alto que yo.,retrieved_corpus,retrieved,14.893636125901065,alto,Gender=Masc|Number=Sing,1,1,1,
habla,487,v,Ella habla de ello ahora.,stochastic_decoder,stochastic,8.640760861680713,hablar,Mood=Ind|Number=Sing|Person=3|Tense=Pres|VerbForm=Fin,1,1,1,stochastic
fiesta,488,n,Quiero ir a tu fiesta.,retrieved_corpus,retrieved,12.748440416662156,fiesta,Gender=Fem|Number=Sing,1,1,1,
loco,489,n,El loco es nuevo.,template_generated,n_a1_1,8.798781157051488,loco,Gender=Masc|Number=Sing,1,1,1,n_a1_1
atrás,490,adv,No es para atrás.,retrieved_corpus,retrieved,16.516803080864847,atrás,,1,1,1,
debemos,491,v,,no_candidate_found,no_candidate_found,0.0,deber,,0,0,0,manual review needed
pregunta,492,n,Ella hizo una pregunta muy buena.,retrieved_corpus,retrieved,13.287269182758637,pregunta,Gender=Fem|Number=Sing,1,1,1,
hacen,493,v,,no_candidate_found,no_candidate_found,0.0,hacer,,0,0,0,manual review needed
seguir,494,v,No podemos seguir siendo amigos.,retrieved_corpus,retrieved,12.090176667306505,seguir,VerbForm=Inf,1,1,1,
quieren,495,v,Ellos quieren una casa.,seeded_template,seeded_special_querer_obj,10.216911898412942,querer,Mood=Ind|Number=Plur|Person=3|Tense=Pres|VerbForm=Fin,1,1,1,seeded_special_querer_obj
dio,496,v,Ella dio la ayuda.,seeded_template,seeded_verb_obj,9.878849899162152,dar,Mood=Ind|Number=Sing|Person=3|Tense=Past|VerbForm=Fin,1,1,1,seeded_verb_obj
paso,497,n,El paso del tiempo en el mundo.,stochastic_decoder,stochastic,8.262465834549145,paso,Gender=Masc|Number=Sing,1,1,1,stochastic
falta,498,n,,no_candidate_found,no_candidate_found,0.0,falta,,0,0,0,manual review needed
fácil,499,adj,Sé que tu trabajo no es fácil.,retrieved_corpus,retrieved,11.675131492772215,fácil,Number=Sing,1,1,1,
ido,500,v,Él ha ido a casa en lugar.,stochastic_decoder,stochastic,8.244407604787435,ir,Gender=Masc|Number=Sing|Tense=Past|VerbForm=Part,1,1,1,stochastic
padres,501,n,Ahora mis padres están en casa.,retrieved_corpus,retrieved,12.60937999879326,padre,Gender=Masc|Number=Plur,1,1,1,
vino,502,n,¿de dónde vino?,retrieved_corpus,retrieved,11.007199513543496,vino,Gender=Masc|Number=Sing,1,1,1,
hiciste,503,v,¿por qué hiciste eso?,retrieved_corpus,retrieved,13.533768848247993,hacer,Mood=Ind|Number=Sing|Person=2|Tense=Past|VerbForm=Fin,1,1,1,
estaban,504,v,Ellos estaban en casa.,seeded_template,seeded_special_estar_place,9.652083711610512,estar,Mood=Ind|Number=Plur|Person=3|Tense=Imp|VerbForm=Fin,1,1,1,seeded_special_estar_place
situación,505,n,Creo que no entiendes la situación.,retrieved_corpus,retrieved,12.248573407345303,situación,Gender=Fem|Number=Sing,1,1,1,
abajo,506,adv,¿hay alguien ahí abajo?,retrieved_corpus,retrieved,12.922780769527574,abajo,,1,1,1,
única,507,adj,,no_candidate_found,no_candidate_found,0.0,único,,0,0,0,manual review needed
siendo,508,v,Él está siendo un problema serio.,stochastic_decoder,stochastic,8.467170621258969,ser,VerbForm=Ger,1,1,1,stochastic
modo,509,n,No iré de ningún modo.,retrieved_corpus,retrieved,11.774954326003366,modo,Gender=Masc|Number=Sing,1,1,1,
información,510,n,No tengo más información.,retrieved_corpus,retrieved,12.447608213347959,información,Gender=Fem|Number=Sing,1,1,1,
dólares,511,n,,no_candidate_found,no_candidate_found,0.0,dólar,,0,0,0,manual review needed
esté,512,v,,no_candidate_found,no_candidate_found,0.0,estar,,0,0,0,manual review needed
hermana,513,n,¿te gusta tu hermana?,retrieved_corpus,retrieved,13.254871622353175,hermana,Gender=Fem|Number=Sing,1,1,1,
tuvo,514,v,Ella tuvo una casa.,seeded_template,seeded_special_tener_obj,10.762706428281756,tener,Mood=Ind|Number=Sing|Person=3|Tense=Past|VerbForm=Fin,1,1,1,seeded_special_tener_obj
dado,515,v,,no_candidate_found,no_candidate_found,0.0,dar,,0,0,0,manual review needed
música,516,n,Me gusta la buena música.,retrieved_corpus,retrieved,13.038175307939452,música,Gender=Fem|Number=Sing,1,1,1,
paz,517,n,Había paz por todo el mundo.,retrieved_corpus,retrieved,13.094981069766948,paz,Gender=Fem|Number=Sing,1,1,1,
culpa,518,n,Es tu culpa que lleguemos tarde.,retrieved_corpus,retrieved,13.020569899692896,culpa,Gender=Fem|Number=Sing,1,1,1,
queda,519,v,,no_candidate_found,no_candidate_found,0.0,quedar,,0,0,0,manual review needed
real,520,adj,,no_candidate_found,no_candidate_found,0.0,real,,0,0,0,manual review needed
auto,521,,,no_candidate_found,no_candidate_found,0.0,auto,,0,0,0,manual review needed
palabra,522,n,La palabra es buena.,template_generated,n_a1_1,9.572607852523891,palabra,Gender=Fem|Number=Sing,1,1,1,n_a1_1
deberías,523,v,,no_candidate_found,no_candidate_found,0.0,deberías,,0,0,0,manual review needed
sola,524,adj,¿puedes ir sola?,retrieved_corpus,retrieved,9.737430608768435,solo,Gender=Fem|Number=Sing,1,1,1,
derecho,525,n,Tengo todo el derecho de estar aquí.,retrieved_corpus,retrieved,12.708751597156525,derecho,Gender=Masc|Number=Sing,1,1,1,
lista,526,n,Hicieron una lista con los nombres.,retrieved_corpus,retrieved,10.38941728003884,lista,Gender=Fem|Number=Sing,1,1,1,
partido,527,n,Se los ha partido.,retrieved_corpus,retrieved,11.650685104512318,partido,Gender=Masc|Number=Sing,1,1,1,
orden,528,n,,no_candidate_found,no_candidate_found,0.0,orden,,0,0,0,manual review needed
exactamente,529,adv,Eres exactamente como tu padre.,retrieved_corpus,retrieved,14.275830346647556,exactamente,,1,1,1,
nacional,530,adj,,no_candidate_found,no_candidate_found,0.0,nacional,,0,0,0,manual review needed
listo,531,adj,Estoy listo para hablar.,retrieved_corpus,retrieved,13.42180896308758,listo,Gender=Masc|Number=Sing,1,1,1,
comida,532,n,No hay comida.,retrieved_corpus,retrieved,11.93703360800138,comida,Gender=Fem|Number=Sing,1,1,1,
necesitamos,533,v,Necesitamos hacer que se haga algo.,retrieved_corpus,retrieved,12.304687425560015,necesitar,Mood=Ind|Number=Plur|Person=1|Tense=Pres|VerbForm=Fin,1,1,1,
habría,534,v,,no_candidate_found,no_candidate_found,0.0,haber,,0,0,0,manual review needed
libro,535,n,Este libro es para usted.,retrieved_corpus,retrieved,14.440854548524468,libro,Gender=Masc|Number=Sing,1,1,1,
capitán,536,n,Él es el capitán de un equipo.,retrieved_corpus,retrieved,12.047626819623574,capitán,Gender=Masc|Number=Sing,1,1,1,
diciendo,537,v,,no_candidate_found,no_candidate_found,0.0,decir,,0,0,0,manual review needed
comer,538,v,,no_candidate_found,no_candidate_found,0.0,comer,,0,0,0,manual review needed
sabemos,539,v,Nosotros sabemos la verdad.,seeded_template,seeded_special_saber_truth,8.61140428824952,saber,Mood=Ind|Number=Plur|Person=1|Tense=Pres|VerbForm=Fin,1,1,1,seeded_special_saber_truth
lejos,540,adv,¿está cerca o lejos de ti?,retrieved_corpus,retrieved,14.056216601573041,lejos,,1,1,1,
pasando,541,v,,no_candidate_found,no_candidate_found,0.0,pasar,,0,0,0,manual review needed
morir,542,v,¿es verdad que él murió?,retrieved_corpus,retrieved,14.218156442551969,morir,Mood=Ind|Number=Sing|Person=3|Tense=Past|VerbForm=Fin,1,1,1,
haga,543,v,No creo que haga algo.,stochastic_decoder,stochastic,10.71725492707261,hacer,Mood=Sub|Number=Sing|Person=3|Tense=Pres|VerbForm=Fin,1,1,1,stochastic
puesto,544,n,El puesto es nuevo.,template_generated,n_a1_1,8.419357160074313,puesto,Gender=Masc|Number=Sing,1,1,1,n_a1_1
calle,545,n,La calle es buena.,template_generated,n_a1_1,9.482422356086907,calle,Gender=Fem|Number=Sing,1,1,1,n_a1_1
dicen,546,v,,no_candidate_found,no_candidate_found,0.0,decir,,0,0,0,manual review needed
estabas,547,v,Pensé que estabas por hacer eso.,retrieved_corpus,retrieved,13.147872458588182,estar,Mood=Ind|Number=Sing|Person=2|Tense=Imp|VerbForm=Fin,1,1,1,
par,548,n,Estoy contigo en un par de minutos.,retrieved_corpus,retrieved,12.868506992427806,par,Gender=Masc|Number=Sing,1,1,1,
política,549,n,Él no sabe nada de política.,retrieved_corpus,retrieved,13.028018933627168,política,Gender=Fem|Number=Sing,1,1,1,
malo,550,n,El malo es nuevo.,template_generated,n_a1_1,8.615523010676657,malo,Gender=Masc|Number=Sing,1,1,1,n_a1_1
habitación,551,n,Vamos a hablar en la otra habitación.,retrieved_corpus,retrieved,13.009418034209288,habitación,Gender=Fem|Number=Sing,1,1,1,
probablemente,552,adv,,no_candidate_found,no_candidate_found,0.0,probablemente,,0,0,0,manual review needed
estuvo,553,v,Ella estuvo en casa.,seeded_template,seeded_special_estar_place,9.749190576283233,estar,Mood=Ind|Number=Sing|Person=3|Tense=Past|VerbForm=Fin,1,1,1,seeded_special_estar_place
éste,554,pron,,no_candidate_found,no_candidate_found,0.0,éste,,0,0,0,manual review needed
plan,555,n,El tuyo es un buen plan.,retrieved_corpus,retrieved,12.129796351026535,plan,Gender=Masc|Number=Sing,1,1,1,
especial,556,adj,No es para nada especial.,retrieved_corpus,retrieved,12.963539996943409,especial,Number=Sing,1,1,1,
palabras,557,n,,no_candidate_found,no_candidate_found,0.0,palabra,,0,0,0,manual review needed
pequeña,558,adj,,no_candidate_found,no_candidate_found,0.0,pequeño,,0,0,0,manual review needed
ok,559,adj,,no_candidate_found,no_candidate_found,0.0,ok,,0,0,0,manual review needed
creer,560,v,¿cómo crees que me siento?,retrieved_corpus,retrieved,12.859005591249403,creer,Mood=Ind|Number=Sing|Person=2|Tense=Pres|VerbForm=Fin,1,1,1,
relación,561,n,¿cuál era su relación?,retrieved_corpus,retrieved,9.97497352713761,relación,Gender=Fem|Number=Sing,1,1,1,
chicas,562,n,,no_candidate_found,no_candidate_found,0.0,chicas,,0,0,0,manual review needed
ley,563,n,Así no es la ley.,retrieved_corpus,retrieved,12.055999967317703,ley,Gender=Fem|Number=Sing,1,1,1,
bebé,564,n,Es un bebé.,retrieved_corpus,retrieved,11.437586791603168,bebé,Gender=Masc|Number=Sing,1,1,1,
pensando,565,v,,no_candidate_found,no_candidate_found,0.0,pensar,,0,0,0,manual review needed
conozco,566,v,Yo conozco una casa.,template_generated,v_a1_1,9.246473412957316,conocer,Mood=Ind|Number=Sing|Person=1|Tense=Pres|VerbForm=Fin,1,1,1,v_a1_1
simplemente,567,adv,¿no podemos ser simplemente amigos?,retrieved_corpus,retrieved,13.837101045453416,simplemente,,1,1,1,
acerca,568,v,La noche se acerca.,retrieved_corpus,retrieved,11.587512355372702,acercar,Mood=Ind|Number=Sing|Person=3|Tense=Pres|VerbForm=Fin,1,1,1,
diez,569,num,Ya te lo dije diez veces.,retrieved_corpus,retrieved,15.137766533042969,diez,,1,1,1,
esperar,570,v,He estado esperando tres años.,retrieved_corpus,retrieved,13.645599332498813,esperar,VerbForm=Ger,1,1,1,
través,571,n,,no_candidate_found,no_candidate_found,0.0,través,,0,0,0,manual review needed
tuve,572,v,Yo tuve una casa.,seeded_template,seeded_special_tener_obj,10.191222737631684,tener,Mood=Ind|Number=Sing|Person=1|Tense=Past|VerbForm=Fin,1,1,1,seeded_special_tener_obj
centro,573,n,¿estamos yendo al centro de la ciudad?,retrieved_corpus,retrieved,11.454093902098831,centro,Gender=Masc|Number=Sing,1,1,1,
largo,574,adj,El nombre es largo de la noche.,stochastic_decoder,stochastic,8.256452239492713,largo,Gender=Masc|Number=Sing,1,1,1,stochastic
buscando,575,v,¿estabas buscando algo?,retrieved_corpus,retrieved,11.460571542984937,buscar,VerbForm=Ger,1,1,1,
cama,576,n,¿realmente tengo que ir a la cama?,retrieved_corpus,retrieved,12.302674875002872,cama,Gender=Fem|Number=Sing,1,1,1,
nuestras,577,determiner,Nuestras casas están bien.,template_generated,det_anchor_clear,11.059136960843972,nuestro,Gender=Fem|Number=Plur,1,1,1,det_anchor_clear
recuerdo,578,n,El recuerdo es nuevo.,template_generated,n_a1_1,8.419357160074313,recuerdo,Gender=Masc|Number=Sing,1,1,1,n_a1_1
rey,579,n,El rey no debería decir eso.,retrieved_corpus,retrieved,13.193392162250117,rey,Gender=Masc|Number=Sing,1,1,1,
voz,581,n,Ella tiene una voz muy buena.,retrieved_corpus,retrieved,14.019739502873652,voz,Gender=Fem|Number=Sing,1,1,1,
demás,582,pron,,no_candidate_found,no_candidate_found,0.0,demás,,0,0,0,manual review needed
sra.,583,none,,no_candidate_found,no_candidate_found,0.0,sra.,,0,0,0,manual review needed
saben,584,v,Hasta los niños saben esas cosas.,retrieved_corpus,retrieved,10.59792729439454,saber,Mood=Ind|Number=Plur|Person=3|Tense=Pres|VerbForm=Fin,1,1,1,
mil,585,num,,no_candidate_found,no_candidate_found,0.0,mil,,0,0,0,manual review needed
lleva,586,v,,no_candidate_found,no_candidate_found,0.0,llevar,,0,0,0,manual review needed
tenga,587,v,,no_candidate_found,no_candidate_found,0.0,tener,,0,0,0,manual review needed
necesitas,588,v,,no_candidate_found,no_candidate_found,0.0,necesitar,,0,0,0,manual review needed
conseguir,589,v,Ella no lo conseguirá.,retrieved_corpus,retrieved,14.302123107676705,conseguir,Mood=Ind|Number=Sing|Person=3|Tense=Fut|VerbForm=Fin,1,1,1,
amo,590,n,,no_candidate_found,no_candidate_found,0.0,amo,,0,0,0,manual review needed
propia,591,adj,,no_candidate_found,no_candidate_found,0.0,propio,,0,0,0,manual review needed
propio,592,adj,,no_candidate_found,no_candidate_found,0.0,propio,,0,0,0,manual review needed
sitio,593,n,No es seguro en ningún sitio.,retrieved_corpus,retrieved,12.288388721737526,sitio,Gender=Masc|Number=Sing,1,1,1,
resto,594,n,¿dónde está el resto del equipo?,retrieved_corpus,retrieved,10.850196048704536,resto,Gender=Masc|Number=Sing,1,1,1,
oficina,595,n,Está en la oficina.,retrieved_corpus,retrieved,12.506816489341954,oficina,Gender=Fem|Number=Sing,1,1,1,
libre,596,adj,Mañana va a ser libre.,retrieved_corpus,retrieved,13.645526024581441,libre,Number=Sing,1,1,1,
segura,597,adj,Estoy segura de que ella tiene razón.,retrieved_corpus,retrieved,12.303966387055029,seguro,Gender=Fem|Number=Sing,1,1,1,
peor,598,adj,Va de mal en peor.,retrieved_corpus,retrieved,10.901519254189564,peor,Number=Sing,1,1,1,
estará,599,v,Ella estará en casa.,seeded_template,seeded_special_estar_place,9.920744408334134,estar,Mood=Ind|Number=Sing|Person=3|Tense=Fut|VerbForm=Fin,1,1,1,seeded_special_estar_place
poner,600,v,Usted no puso nada.,retrieved_corpus,retrieved,12.983757781483554,poner,Mood=Ind|Number=Sing|Person=3|Tense=Past|VerbForm=Fin,1,1,1,
